id,name,status,is_acquired,age_first_funding_year,age_last_funding_year,relationships,funding_rounds,funding_total_usd,milestones,age_first_milestone_year,age_last_milestone_year,avg_participants,state,industry_type,has_VC,has_angel,has_roundA,has_roundB,has_roundC,has_roundD,is_top500,funding_total_usd_log10,milestone_age_span,funding_age_span,has_milestone_age
c:6669,Bandsintown,acquired,1,2.2493,3.0027,3,3,375000,3,4.6685,6.7041,1.0,CA,music,0,1,0,0,0,0,0,5.574032425844793,2.0356000000000005,0.7534000000000001,1
c:16283,TriCipher,acquired,1,5.126,9.9973,9,4,40100000,1,7.0055,7.0055,4.75,CA,enterprise,1,0,0,1,1,1,1,7.603144383450468,0.0,4.871299999999999,1
c:65620,Plixi,acquired,1,1.0329,1.0329,5,1,2600000,2,1.4575,2.2055,4.0,CA,web,0,0,1,0,0,0,1,6.414973515007125,0.7479999999999998,0.0,1
c:42668,Solidcore Systems,acquired,1,3.1315,5.3151,5,3,40000000,1,6.0027,6.0027,3.3333,CA,software,0,0,0,1,1,1,1,7.602060002185325,0.0,2.1836,1
c:65806,Inhale Digital,closed,0,0.0,1.6685,2,2,1300000,1,0.0384,0.0384,1.0,CA,games_video,1,1,0,0,0,0,1,6.113943686379387,0.0,1.6685,1
c:22898,Matisse Networks,closed,0,4.5452,4.5452,3,1,7500000,1,5.0027,5.0027,3.0,CA,network_hosting,0,0,0,1,0,0,1,6.875061321297627,0.0,0.0,1
c:16191,RingCube Technologies,acquired,1,1.7205,5.211,6,3,26000000,2,3.0,6.6082,1.6667,CA,software,1,0,1,1,0,0,1,7.414973364674451,3.6082,3.4905000000000004,1
c:5192,ClairMail,acquired,1,1.6466,6.7616,25,3,34100000,3,5.6055,7.3616,3.5,CA,finance,0,0,1,1,0,1,1,7.532754391728406,1.7561,5.114999999999999,1
c:1043,VoodooVox,acquired,1,3.5863,11.1123,13,3,9650000,4,8.0055,9.9945,4.0,MA,mobile,1,0,1,0,0,1,1,6.9845273583484,1.9890000000000008,7.526,1
c:498,Doostang,acquired,1,1.6712,4.6849,14,3,5750000,4,2.9178,6.1151,1.0,CA,web,1,1,1,0,0,0,1,6.7596679202190995,3.1973,3.0137,1
c:3949,Zong,acquired,1,4.6274,9.4493,22,3,27500000,3,10.1342,10.6493,1.0,CA,mobile,0,0,1,1,0,0,1,7.439332709622789,0.5151000000000003,4.821899999999999,1
c:4829,Center'd,closed,0,1.0849,5.3370000000000015,8,5,10400000,2,-0.6164,4.6082,1.75,CA,web,1,1,1,0,0,0,1,7.017033381057863,5.2246,4.252100000000001,1
c:30290,Resonant Vibes,closed,0,4.9041,4.9041,0,1,350000,0,,,1.0,KY,web,1,0,0,0,0,0,0,5.54406928518988,,0.0,0
c:1491,drop.io,acquired,1,0.0192,2.4356,15,3,9950000,3,0.7945,4.3781,2.3333,NY,education,0,0,1,1,1,0,1,6.99782312439341,3.5835999999999997,2.4164,1
c:15645,Stratavia,acquired,1,4.6658,8.9973,12,5,10700000,1,8.8384,8.8384,2.5,CO,software,0,0,1,1,0,0,1,7.029383818273477,0.0,4.331499999999999,1
c:54177,Invicta Networks,closed,0,6.6082,6.6082,0,1,200000,0,,,1.0,VA,public_relations,1,0,0,0,0,0,0,5.301032167130962,,0.0,0
c:16770,QSecure,closed,0,2.5863,6.7644,8,5,49000000,1,5.5014,5.5014,3.5,CA,security,1,0,1,1,1,1,1,7.690196088891666,0.0,4.178100000000001,1
c:107,MeeVee,acquired,1,4.5918,7.1726,7,4,25000000,3,-0.4986,12.6795,3.5,CA,games_video,0,0,1,1,1,1,1,7.397940026043816,13.1781,2.5808,1
c:50727,SinglePlatform,acquired,1,0.7425,1.5808,10,3,4575000,3,1.2849,3.0027,5.0,NY,web,0,1,1,0,0,0,1,6.660391193330212,1.7178,0.8382999999999999,1
c:26368,Bling Nation,closed,0,2.5014,2.8301,13,2,28000000,3,3.0877,3.4932,1.0,CA,enterprise,0,0,1,1,0,0,1,7.447158046852736,0.40549999999999997,0.3287,1
c:22291,Metreos Corporation,acquired,1,2.2137,3.7863,8,2,4355000,3,4.0877,9.4986,1.5,TX,software,0,1,1,0,0,0,0,6.638988259066858,5.4109,1.5726000000000004,1
c:17857,Hidden City Games,closed,0,3.8329,3.8329,3,1,15000000,1,3.7507,3.7507,2.0,WA,other,0,0,0,1,0,0,1,7.176091288008646,0.0,0.0,1
c:15888,Neopolitan Networks,closed,0,5.4904,5.4904,1,1,3170000,1,0.0,0.0,2.0,CA,web,0,0,1,0,0,0,0,6.501059399219144,0.0,0.0,1
c:10751,Pixelpipe,closed,0,-1.0,3.3151,4,2,2300000,3,3.6959,5.6629999999999985,2.0,CA,mobile,0,1,1,0,0,0,0,6.36172802484124,1.9670999999999985,4.3151,1
c:458,EventVue,closed,0,0.2521,0.337,5,2,455000,0,,,4.5,CO,public_relations,0,1,1,0,0,0,1,5.658012351149431,,0.08490000000000003,0
c:45525,BridgePort Networks,acquired,1,4.8411,4.8411,3,1,13000000,1,1.0,1.0,4.0,IL,software,0,0,0,0,1,0,1,7.113943385714103,0.0,0.0,1
c:3193,Scalent Systems,acquired,1,4.0603,4.0603,7,1,15000000,1,3.0027,3.0027,4.0,CA,public_relations,0,0,0,0,1,0,1,7.176091288008646,0.0,0.0,1
c:28456,IQ Engines,acquired,1,4.0685,4.0685,2,1,3800000,3,3.4192,5.2301,2.0,CA,photo_video,0,0,0,1,0,0,1,6.579783710904817,1.8109000000000002,0.0,1
c:36920,"RetailMeNot, Inc.",acquired,1,2.5068,4.5315,37,5,299500000,2,4.9315,5.6767,1.75,TX,web,1,0,1,0,1,0,1,8.476396828175396,0.7452000000000005,2.0247,1
c:35712,Mophie,acquired,1,1.189,1.189,5,1,1000000,3,2.189,7.7753,2.0,CA,hardware,1,0,0,0,0,0,1,6.0000004342942646,5.5863,0.0,1
c:21492,Airship Ventures,closed,0,1.3534,2.1644,3,2,10500000,1,4.5178,4.5178,2.0,CA,other,0,0,1,1,0,0,1,7.021189340431316,0.0,0.8110000000000002,1
c:28768,Lockdown Networks,acquired,1,4.1534,5.1671,6,2,8600000,1,3.0,3.0,1.5,WA,public_relations,1,0,0,1,0,0,1,6.934498501742923,0.0,1.0136999999999992,1
c:27741,eMinor,closed,0,-0.1671,2.0192,9,2,5000000,0,,,2.5,NC,software,0,0,1,1,0,0,1,6.698970091194907,,2.1863,0
c:150658,Karma,acquired,1,0.0,0.8685,3,2,2304999,2,0.4137,2.1671,5.0,CA,mobile,1,0,0,0,0,0,1,6.362670929725667,1.7534,0.8685,1
c:34338,Zipano,closed,0,0.0822,0.0822,2,1,25000,0,,,1.0,PA,security,0,1,0,0,0,0,0,4.397957380103888,,0.0,0
c:45111,Entertainment Media Works,closed,0,2.6575,2.6575,1,1,4000000,1,0.0,0.0,1.0,NY,software,0,0,0,1,0,0,1,6.6020600999015695,0.0,0.0,1
c:3178,Elastra,closed,0,0.6192,1.5945,8,2,14600000,3,1.0,4.3315,2.0,CA,software,0,0,1,1,0,0,1,7.164352885530634,3.3315,0.9753000000000001,1
c:35402,RPO,closed,0,1.063,5.7014,0,3,44000000,0,,,4.5,CA,hardware,0,0,0,1,1,0,1,7.643452686356516,,4.6384,0
c:22856,Fotomoto,acquired,1,0.1671,2.6493,10,3,1822922,3,0.6082,4.7507,2.3333,CA,ecommerce,0,1,1,0,0,0,1,6.260768324507219,4.1425,2.4822,1
c:1224,Peer39,acquired,1,0.0,5.9041,18,7,29915001,5,3.8411,7.1370000000000005,2.75,NY,advertising,1,1,1,1,1,0,1,7.475889036213296,3.2959000000000005,5.9041,1
c:1234,Vitrue,acquired,1,0.0,4.8027,26,4,33000000,5,3.7205,7.6164,3.0,GA,enterprise,0,0,1,1,1,0,1,7.518513953038326,3.8958999999999997,4.8027,1
c:149809,Trendslide,acquired,1,0.0,0.5836,9,2,125000,2,0.5836,0.5945,1.0,NH,mobile,0,1,0,0,0,0,0,5.096913487350014,0.01090000000000002,0.5836,1
c:13733,PublicEarth,closed,0,0.1041,2.3863,7,2,4000000,2,2.3315,2.7918,1.0,CA,travel,1,0,1,0,0,0,1,6.6020600999015695,0.4602999999999997,2.2822,1
c:39106,Azaleos,acquired,1,3.4904,3.4904,10,1,10000000,3,5.6603,8.3425,2.0,WA,enterprise,0,0,0,0,1,0,1,7.000000043429446,2.682199999999999,0.0,1
c:5306,Efficient Frontier,acquired,1,4.6658,4.6658,25,1,6000000,4,8.7425,10.2247,3.0,CA,advertising,0,0,0,0,1,0,1,6.7781513227660515,1.4822000000000006,0.0,1
c:16303,NetDevices,acquired,1,2.6247,2.6247,4,1,25000000,0,,,5.0,CA,software,0,0,0,1,0,0,1,7.397940026043816,,0.0,0
c:43188,Go Try It On,acquired,1,0.926,2.9534,2,3,3750000,3,0.8329,2.7425,2.0,NY,fashion,0,1,1,0,0,0,1,6.574031383539565,1.9096000000000002,2.0273999999999996,1
c:33507,Performable,acquired,1,0.2466,0.2466,9,1,3000000,2,1.1178,1.663,1.0,MA,software,0,0,1,0,0,0,1,6.477121399484465,0.5452000000000001,0.0,1
c:68157,Appstores.com,acquired,1,0.189,1.189,6,2,1155000,2,1.3562,1.6575,9.5,CA,software,0,1,0,0,0,0,1,6.062582360240539,0.3012999999999999,1.0,1
c:2395,Fortify Software,acquired,1,3.2082,3.2082,11,1,10000000,2,5.2548,7.8822,2.0,CA,software,0,0,0,0,0,1,1,7.000000043429446,2.6273999999999997,0.0,1
c:38220,iCurrent,acquired,1,2.5836,2.5836,5,1,3000000,1,2.0,2.0,1.0,CA,web,0,0,1,0,0,0,1,6.477121399484465,0.0,0.0,1
c:49815,AisleBuyer,acquired,1,1.8932,2.4466,4,2,11500000,3,2.0,3.2767,1.0,MA,mobile,0,0,0,0,0,0,1,7.060697878118348,1.2767,0.5534000000000001,1
c:249,Indeed,acquired,1,0.7479,0.7479,12,1,5000000,5,4.0493,8.3233,3.0,TX,web,0,0,1,0,0,0,1,6.698970091194907,4.274,0.0,1
c:22027,Colubris Networks,acquired,1,5.1863,6.8137,9,2,29000000,1,7.3342,7.3342,5.0,MA,public_relations,1,0,0,0,0,1,1,7.462398012874628,0.0,1.6273999999999997,1
c:109,Mashery,acquired,1,0.6712,6.2329,37,6,34700000,4,4.0493,7.5973,5.0,CA,enterprise,1,1,1,1,1,1,1,7.540329487306565,3.548,5.5617,1
c:43948,Transparency Software,closed,0,1.1863,3.4986,0,2,12050000,0,,,2.0,CA,software,1,0,1,0,0,0,1,7.080987082951921,,2.3123000000000005,0
c:765,Viewdle,acquired,1,2.1644,4.7616,13,3,12000000,2,4.0027,6.7534,2.0,CA,analytics,1,0,1,1,0,0,1,7.07918128223883,2.7507,2.5971999999999995,1
c:19257,Enclarity,acquired,1,4.1041,4.1041,18,1,5500000,1,1.9151,1.9151,2.0,CA,consulting,0,0,0,0,1,0,1,6.74036276845687,0.0,0.0,1
c:25827,Virsto Software,acquired,1,1.989,4.1534,10,3,24000000,4,2.8986,5.2575,3.3333,CA,software,0,0,1,1,0,0,1,7.380211259807209,2.3589,2.1644000000000005,1
c:5932,Handmark,acquired,1,5.2027,6.189,6,2,10000000,2,7.5068,12.8932,4.5,MO,mobile,0,0,1,1,0,0,1,7.000000043429446,5.3864,0.9863,1
c:35157,Viacor,closed,0,2.7836,10.9507,10,3,19009671,1,-1.9151,-1.9151,2.0,MA,biotech,0,0,0,1,0,0,1,7.278974623450452,0.0,8.1671,1
c:8596,Carbonetworks,closed,0,3.4986,3.4986,6,1,5000000,1,3.0,3.0,1.0,CA,cleantech,0,0,1,0,0,0,1,6.698970091194907,0.0,0.0,1
c:19861,SchemaLogic,acquired,1,4.0466,9.3041,2,5,18914576,1,6.0027,6.0027,3.0,WA,enterprise,1,0,0,0,1,0,1,7.276796633304152,0.0,5.2575,1
c:45114,Skyway Software,closed,0,6.3726,6.3726,0,1,4000000,0,,,3.0,FL,software,1,0,0,0,0,0,0,6.6020600999015695,,0.0,0
c:23533,CardStar,acquired,1,1.3259999999999998,2.7836,5,3,2030882,2,1.6740000000000002,3.1342,3.0,MA,software,0,0,1,0,0,0,1,6.307684904242809,1.4601999999999997,1.4576,1
c:25325,Makani Power,acquired,1,2.6438,2.6438,4,1,5000000,2,0.0,7.3918,1.0,CA,cleantech,0,0,0,1,0,0,1,6.698970091194907,7.3918,0.0,1
c:8351,Myrio,closed,0,1.0877,1.0877,5,1,20500000,0,,,4.0,WA,software,1,0,0,0,0,0,1,7.3117538822408505,,0.0,0
c:10392,Intela,acquired,1,3.9616,6.5205,4,2,13250000,4,4.5781,7.6877,2.0,CO,advertising,1,0,0,0,0,0,0,7.122215911049768,3.1096000000000004,2.5589000000000004,1
c:26128,Sana Security,acquired,1,7.2548,7.2548,7,1,12000000,1,7.0055,7.0055,2.0,CA,security,0,0,0,0,0,0,1,7.07918128223883,0.0,0.0,1
c:2808,Sportgenic,acquired,1,1.3342,3.0247,9,3,11489687,2,3.0219,3.337,3.3333,CA,advertising,0,1,1,1,0,0,1,7.060308235675398,0.31510000000000016,1.6905000000000001,1
c:10581,Lolapps,acquired,1,0.6795,0.6795,15,1,4000000,3,2.9178,4.2274,3.0,CA,web,0,0,1,0,0,0,1,6.6020600999015695,1.3096,0.0,1
c:190214,Behavio,acquired,1,-0.0301,-0.0301,3,1,355000,1,0.1369999999999999,0.1369999999999999,1.0,CA,software,0,1,0,0,0,0,0,5.550229576418109,0.0,0.0,1
c:1674,Infinity Box,acquired,1,0.0,0.2466,10,2,118000,3,2.4164,5.3151,1.5,FL,web,0,1,0,0,0,0,1,5.071885687752241,2.8987000000000003,0.2466,1
c:170,adBrite,acquired,1,1.6685,9.337,17,4,40400000,3,7.3808,10.474,1.6667,CA,advertising,0,0,1,1,1,1,1,7.606381375860468,3.0932000000000004,7.6685,1
c:27740,Texert,closed,0,1.8055,1.8055,1,1,3000000,0,,,1.0,TX,software,0,0,1,0,0,0,1,6.477121399484465,,0.0,0
c:46186,Mendocino Software,closed,0,2.6986,4.0027,2,2,19700000,1,1.0,1.0,4.0,CA,software,1,0,0,1,0,0,1,7.294466248206998,0.0,1.3041,1
c:43162,QuikCycle,closed,0,9.1671,9.1973,0,2,17800000,0,,,1.0,CA,software,1,0,0,0,0,0,1,7.250420026707459,,0.03020000000000067,0
c:43233,Instagram,acquired,1,0.011,2.0986,12,3,57500000,3,3.0904,3.7836,4.0,CA,photo_video,0,1,1,1,0,0,1,7.759667852242578,0.6932,2.0875999999999997,1
c:1498,Motionbox,acquired,1,0.6658,3.0384,10,3,17200000,5,2.0,5.0548,2.6667,NY,games_video,0,0,1,1,1,0,1,7.2355284721572275,3.0548,2.3726000000000003,1
c:31514,AccelGolf,closed,0,-0.5836,1.3425,4,7,457282,2,0.0,1.5479,1.0,MA,mobile,1,1,0,0,0,0,1,5.660185056304306,1.5479,1.9261,1
c:58944,MoPub,acquired,1,-0.0219,2.0329,11,4,18500000,3,2.3151,3.1644,2.25,CA,mobile,0,1,1,1,0,0,1,7.267171751878391,0.8492999999999999,2.0548,1
c:40197,DNP Green Technology,closed,0,2.0466,2.0466,2,1,12000000,0,,,6.0,NJ,cleantech,0,0,1,0,0,0,1,7.07918128223883,,0.0,0
c:51023,Abound Solar,closed,0,3.5123,3.9562,5,2,510000000,3,3.9534,4.8356,2.5,CO,cleantech,1,0,0,0,0,0,1,8.707570176949494,0.8822000000000005,0.44389999999999974,1
c:13168,Trovix,acquired,1,3.9342,4.6822,3,2,18250000,1,4.0027,4.0027,2.5,CA,search,0,0,1,1,0,0,1,7.261262892589451,0.0,0.7479999999999998,1
c:649,Thumbplay,acquired,1,2.1616,5.6384,13,4,41500019,5,3.8329,7.6932,4.0,NY,music,0,0,0,0,1,0,1,7.6180483060105875,3.8603,3.4768,1
c:52694,Plethora Technology,closed,0,5.4411,5.4411,1,1,1000000,0,,,3.0,WV,software,0,0,1,0,0,0,0,6.0000004342942646,,0.0,0
c:3080,DailyStrength,acquired,1,1.1288,1.1288,7,1,5000000,2,1.0,2.6767,1.0,CA,web,0,0,1,0,0,0,1,6.698970091194907,1.6766999999999999,0.0,1
c:28424,Danotek Motion Technologies,closed,0,7.8877,10.6658,2,3,42700000,1,0.4137,0.4137,3.6667,MI,cleantech,1,0,0,1,0,0,1,7.6304278851958545,0.0,2.778100000000001,1
c:280611,Yub,closed,0,0.8822,0.8822,7,1,12000000,0,,,9.0,CA,ecommerce,1,0,0,0,0,0,1,7.07918128223883,,0.0,0
c:30537,SNAPin Software,acquired,1,2.526,3.1041,5,2,22300000,2,3.0027,9.126,4.5,WA,software,0,0,0,1,1,0,1,7.348304882523249,6.1232999999999995,0.5781000000000001,1
c:14656,Azuro,acquired,1,4.0027,7.8712,5,2,10000000,1,0.1616,0.1616,4.0,CA,semiconductor,1,0,0,1,0,0,1,7.000000043429446,0.0,3.8685,1
c:1766,ARPU,closed,0,1.1671,4.6658,1,3,15564591,0,,,3.5,DC,advertising,1,0,0,1,1,0,1,7.192137740857211,,3.4987,0
c:16938,BookFresh,acquired,1,2.5726,2.5726,7,1,500000,2,2.4795,4.6685,5.0,CA,web,0,1,0,0,0,0,1,5.698970872924114,2.189,0.0,1
c:83265,Singly,acquired,1,0.1151,1.3397,24,2,8950000,2,1.8329,2.6712,7.0,CA,analytics,0,0,1,0,0,0,1,6.9518230838404325,0.8382999999999998,1.2246,1
c:23136,TxVia,acquired,1,1.7479,4.8192,8,4,55350000,2,4.0027,4.8192,4.0,NY,finance,0,0,1,1,1,1,1,7.743117633061074,0.8165000000000004,3.0713000000000004,1
c:54066,Blue Vector Systems,closed,0,3.7233,3.7233,1,1,4000000,0,,,3.0,CA,public_relations,0,0,0,1,0,0,1,6.6020600999015695,,0.0,0
c:17219,Open Kernel Labs,acquired,1,1.6986,6.5151,3,5,10764323,3,3.2849,4.9315,2.0,IL,software,1,0,1,0,0,0,1,7.031986761304133,1.6465999999999998,4.8165000000000004,1
c:23234,Elanti Systems,closed,0,1.4082,1.4082,1,1,5500000,1,0.0,0.0,3.0,NJ,software,1,0,0,0,0,0,1,6.74036276845687,0.0,0.0,1
c:70586,Astrid,acquired,1,4.2849,4.2849,7,1,400000,2,2.4164,5.5151,3.0,CA,social,0,1,0,0,0,0,1,5.60206107706281,3.0987000000000005,0.0,1
c:26612,Nordic Windpower,closed,0,0.7507,3.0137,3,3,54000000,0,,,2.6667,CA,cleantech,1,0,0,0,1,0,1,7.732393767865458,,2.263,0
c:57923,Visiprise,closed,0,20.8055,20.8055,2,1,32000000,0,,,7.0,GA,software,0,0,0,1,0,0,1,7.505149991891608,,0.0,0
c:58133,Hubspan,acquired,1,5.789,5.789,1,1,13000000,0,,,4.0,WA,software,0,0,0,0,0,1,1,7.113943385714103,,0.0,0
c:5587,iConclude,acquired,1,0.0849,1.2712,5,3,12500000,0,,,2.3333,WA,software,1,0,1,1,0,0,1,7.096910047751614,,1.1863000000000001,0
c:38338,41st Parameter,acquired,1,2.3507,8.2822,16,4,38064570,2,1.0027,8.2849,3.0,CA,security,1,0,0,1,1,1,1,7.580520939517939,7.2822000000000005,5.9315,1
c:4622,Aardvark,acquired,1,-0.4959,1.2548,21,2,6000000,2,2.1726,4.6,4.0,CA,web,0,1,1,0,0,0,1,6.7781513227660515,2.4273999999999996,1.7507,1
c:202,Hotelicopter,closed,0,2.4658,4.8329,4,2,5000000,6,0.5863,5.6164,1.0,VA,web,0,0,1,1,0,0,0,6.698970091194907,5.030099999999999,2.3671,1
c:15652,Anystream,acquired,1,0.0,7.1068,9,3,59000000,3,6.0055,10.9041,2.0,VA,software,1,0,0,0,1,0,1,7.770852019003067,4.8986,7.1068,1
c:144825,CakeStyle,closed,0,1.0356,1.0356,2,1,1000000,2,0.0,1.0356,1.0,IL,web,0,1,0,0,0,0,0,6.0000004342942646,1.0356,0.0,1
c:9772,Fluther,acquired,1,2.7233,2.7233,5,1,600000,3,0.9151,6.3096,7.0,CA,web,0,1,0,0,0,0,1,5.7781519742071765,5.3945,0.0,1
c:19101,Pocket Communications Northeast,closed,0,2.8356,3.1397,0,2,125000000,2,3.3781,3.7753,2.0,CT,mobile,0,0,1,1,0,0,1,8.096910016482413,0.3972000000000002,0.30410000000000004,1
c:1612,Goodreads,acquired,1,0.7945,2.9014,11,2,2750000,3,3.0493,6.5233,4.0,CA,web,0,1,1,0,0,0,1,6.4393328517555,3.4739999999999998,2.1069000000000004,1
c:17620,Woven Systems,acquired,1,2.9178,4.7342,1,2,30000000,0,,,2.5,CA,network_hosting,0,0,1,1,0,0,1,7.477121269196145,,1.8164000000000002,0
c:43873,Kolorific,closed,0,4.0137,4.0137,0,1,7000000,0,,,1.0,CA,semiconductor,0,0,0,0,1,0,0,6.845098102056321,,0.0,0
c:3986,Krugle,acquired,1,0.411,0.411,10,1,6100000,2,0.0,2.5342,4.0,CA,search,0,0,0,1,0,0,1,6.785329906206578,2.5342,0.0,1
c:61592,Flud,closed,0,0.5315,1.9205,12,3,2100000,2,2.2548,2.9781,4.0,CA,enterprise,1,1,0,0,0,0,1,6.322219501540766,0.7233,1.3890000000000002,1
c:35236,Chomp,acquired,1,0.1452,0.5014,10,2,2565000,3,0.4959,3.011,3.5,CA,mobile,0,1,1,0,0,0,1,6.40908753876339,2.5151000000000003,0.35619999999999996,1
c:31968,Origen Therapeutics,closed,0,10.7589,10.7589,0,1,2000000,0,,,1.0,CA,biotech,0,0,0,0,0,0,0,6.301030212811168,,0.0,0
c:27620,Inlet Technologies,acquired,1,2.5671,5.6904,3,3,22400000,1,2.0027,2.0027,3.6667,NC,network_hosting,1,0,0,1,1,0,1,7.3502480377223085,0.0,3.1233000000000004,1
c:9816,ShopWiki,acquired,1,1.0822,1.0822,12,1,6250000,1,6.0027,6.0027,1.0,NY,ecommerce,0,0,1,0,0,0,0,6.795880086831187,0.0,0.0,1
c:52566,Fondu,acquired,1,1.7479,1.7479,4,1,575000,2,1.0,2.1096,6.0,NY,web,0,1,0,0,0,0,0,5.7596685999837245,1.1096,0.0,1
c:49236,Loudcaster,closed,0,0.0,0.5808,1,2,53000,1,0.0,0.0,1.0,MA,web,0,1,0,0,0,0,1,4.724284063758994,0.0,0.5808,1
c:2234,TwoFish,acquired,1,0.9151,2.7753,6,2,9500000,2,3.0027,3.6466,2.5,CA,ecommerce,0,0,1,1,0,0,1,6.977723651004054,0.6438999999999999,1.8602,1
c:3505,Workstreamer,closed,0,-0.7479,0.8192,7,2,3500000,2,-1.7507,0.2521,1.0,TX,enterprise,0,1,1,0,0,0,1,6.5440681684343955,2.0027999999999997,1.5671,1
c:56989,Qwiki,acquired,1,0.7726,1.4959,14,3,10500000,3,-0.5863,3.7534,6.3333,NY,photo_video,1,0,1,0,0,0,1,7.021189340431316,4.339700000000001,0.7233,1
c:28482,Redwood Systems,acquired,1,0.7562,4.4137,14,4,34250000,2,2.7836,4.0027,2.25,CA,cleantech,1,0,1,1,1,0,1,7.534660588508575,1.2191,3.6575000000000006,1
c:40324,Artisan Pharma,acquired,1,0.6795,4.5507,2,5,85381111,0,,,4.6667,MA,biotech,0,0,1,1,1,0,1,7.931361806737769,,3.8712,0
c:1595,Bill Me Later,acquired,1,6.1671,7.9205,6,3,100000000,3,8.0055,11.2548,2.5,MD,web,1,0,1,0,0,0,1,8.000000004342946,3.2493,1.7534,1
c:31294,Bueda,closed,0,-1.011,1.4877,3,2,125000,2,0.4055,1.3205,1.0,PA,advertising,1,1,0,0,0,0,1,5.096913487350014,0.915,2.4987,1
c:43875,Defywire,closed,0,2.3178,4.2356,2,2,10600000,1,-0.3342,-0.3342,3.0,VA,mobile,1,0,0,1,0,0,1,7.025305906235946,0.0,1.9177999999999997,1
c:16562,Silicon Clocks,acquired,1,2.4192,5.4384,2,3,26100000,1,2.0027,2.0027,3.5,CA,semiconductor,1,0,0,1,0,0,1,7.416640523977916,0.0,3.0191999999999997,1
c:18075,TheMarkets,acquired,1,7.5315,7.5315,2,1,30000000,1,10.7342,10.7342,5.0,NY,web,1,0,0,0,0,0,1,7.477121269196145,0.0,0.0,1
c:86120,Netgamix Inc,closed,0,1.0575,1.7699,6,3,132885,2,1.0301,1.1123,1.0,IL,games_video,0,1,0,0,0,0,1,5.123479228926055,0.08220000000000005,0.7123999999999999,1
c:12173,Sentrigo,acquired,1,0.6,4.2247,9,3,9500000,2,-0.7479,4.4767,2.0,CA,software,0,0,1,1,1,0,1,6.977723651004054,5.224600000000001,3.6247000000000003,1
c:44650,Netli,acquired,1,6.1233,6.1233,9,1,18000000,1,6.0055,6.0055,7.0,CA,network_hosting,1,0,0,0,0,0,1,7.255272529230776,0.0,0.0,1
c:70021,Define My Style,closed,0,1.8329,1.8329,4,1,690000,1,1.7479,1.7479,3.0,OH,web,0,1,0,0,0,0,1,5.838849720149092,0.0,0.0,1
c:17660,Firethorn,acquired,1,5.1644,6.0055,1,3,25131611,0,,,1.0,GA,mobile,1,0,0,1,0,0,1,7.400220346143387,,0.8411,0
c:51745,Wellcore,closed,0,3.5288,3.5288,1,1,2000000,0,,,1.0,CA,hardware,0,0,0,0,0,0,1,6.301030212811168,,0.0,0
c:25324,Taligen Therapeutics,acquired,1,1.5836,6.6466,4,3,78750000,2,5.0055,7.0877,3.5,MA,biotech,0,0,1,1,0,0,1,7.896250567976488,2.0822000000000003,5.063000000000001,1
c:77,Adap.tv,acquired,1,0.2521,4.4055,27,5,48500000,3,3.3151,6.7918,2.5,CA,advertising,1,1,1,1,1,0,1,7.685741747556789,3.4767,4.1533999999999995,1
c:1895,Current Media,closed,0,0.5726,0.5726,12,1,15000000,2,5.1671,8.0082,3.0,CA,network_hosting,0,0,1,0,0,0,0,7.176091288008646,2.841100000000001,0.0,1
c:16593,ParAccel,acquired,1,0.9397,5.3178,13,5,74000000,0,,,5.3333,CA,analytics,1,0,0,1,1,0,1,7.86923172559982,,4.3781,0
c:16289,Arch Rock Corporation,acquired,1,0.7479,2.3315,6,2,15000000,1,2.0,2.0,3.0,CA,software,0,0,1,1,0,0,1,7.176091288008646,0.0,1.5836000000000001,1
c:575,SpiralFrog,closed,0,2.0027,3.9178,8,3,45000000,3,3.0027,5.2192,1.0,NY,games_video,0,0,1,0,0,0,0,7.653212523426332,2.2165,1.9151000000000002,1
c:15562,Plusmo,acquired,1,1.9178,1.9178,4,1,4410000,1,2.0027,2.0027,1.0,CA,mobile,0,0,1,0,0,0,1,6.644438687947302,0.0,0.0,1
c:62432,ZipList,acquired,1,0.0,0.8959,9,2,4500000,2,2.0,2.6767,2.0,VA,web,0,0,1,1,0,0,1,6.653212610285218,0.6766999999999999,0.8959,1
c:8100,Involver,acquired,1,1.6712,3.7863,11,3,11040000,2,4.6685,5.6849,2.5,CA,software,0,0,1,1,1,0,1,7.042969112731447,1.0164,2.1151,1
c:62262,Lionside,acquired,1,1.8822,1.8822,6,1,1600000,2,1.3288,2.9479,3.0,CA,games_video,0,0,1,0,0,0,1,6.204120254089891,1.6191000000000002,0.0,1
c:3686,Game Trust,acquired,1,3.4164,3.874,3,2,9000000,1,7.7534,7.7534,4.0,NY,software,1,0,0,1,0,0,1,6.954242557694265,0.0,0.45760000000000023,1
c:82805,Nearbuy Systems,acquired,1,1.3041,2.6493,4,3,3282327,2,0.0,3.6767,2.0,CA,analytics,1,0,0,0,0,0,1,6.516181977531349,3.6767,1.3452000000000002,1
c:196,Visible Path,acquired,1,4.1644,4.1644,5,2,24700000,5,5.5836,11.3918,4.0,CA,web,0,0,1,1,0,0,1,7.3926969708424375,5.8082,0.0,1
c:28114,VT Silicon,closed,0,5.6986,6.8877,2,2,8800000,0,,,1.0,GA,semiconductor,1,0,1,0,0,0,1,6.944482721501812,,1.1890999999999998,0
c:13277,GetBack,closed,0,1.1836,1.1836,1,1,1700000,1,0.9178,0.9178,1.0,CA,web,0,0,1,0,0,0,0,6.230449176845541,0.0,0.0,1
c:63217,Slipstream,closed,0,0.2493,0.2493,1,1,20000,2,0.0,0.7781,1.0,CA,web,0,1,0,0,0,0,0,4.301051709845226,0.7781,0.0,1
c:2534,HipLogic,acquired,1,3.1041,4.9205,10,2,11500000,5,5.0027,8.3534,2.5,CA,mobile,0,0,1,1,0,0,1,7.060697878118348,3.3507000000000007,1.8163999999999998,1
c:5264,Dilithium Networks,closed,0,2.3068,9.4247,12,7,98170000,3,4.4986,11.4164,5.2,CA,mobile,1,0,0,1,1,1,1,7.991978795418486,6.9178,7.1179,1
c:58512,Yobongo,acquired,1,1.2219,1.2219,2,1,1350000,3,0.7479,2.6849,10.0,CA,web,0,1,0,0,0,0,1,6.130334090194503,1.9369999999999998,0.0,1
c:12957,Brickfish,acquired,1,4.7068,4.7068,17,1,940261,2,2.989,6.863,1.0,IL,software,0,0,1,0,0,0,1,5.973248884769817,3.8740000000000006,0.0,1
c:34499,MyEnergy,acquired,1,1.6658,3.6712,12,2,4000000,3,3.6658,3.6712,3.0,MA,web,0,1,1,0,0,0,1,6.6020600999015695,0.005399999999999849,2.0054,1
c:34028,LikeList,closed,0,1.9562,1.9562,5,1,5000000,1,1.0027,1.0027,1.0,CA,web,0,0,1,0,0,0,0,6.698970091194907,0.0,0.0,1
c:23335,Social Collective,closed,0,0.0027,0.0027,3,1,20000,1,0.5836,0.5836,1.0,VA,web,0,1,0,0,0,0,0,4.301051709845226,0.0,0.0,1
c:30526,Pure Networks,acquired,1,4.0301,4.0301,5,1,12500000,1,3.0027,3.0027,3.0,WA,network_hosting,0,0,0,1,0,0,1,7.096910047751614,0.0,0.0,1
c:42519,Internet Pawn,closed,0,1.3397,4.6548,0,5,7228704,2,1.3589,1.3753,2.0,CO,finance,1,0,1,0,0,0,1,6.85906050175813,0.01639999999999997,3.3151,1
c:48376,NeuroTherapeutics Pharma,closed,0,4.3836,5.9562,5,2,55000000,1,5.4986,5.4986,4.0,IL,biotech,1,0,0,1,0,0,1,7.740362697390507,0.0,1.5725999999999996,1
c:15693,Provade,acquired,1,2.063,6.6137,5,4,15180000,0,,,1.0,CA,enterprise,1,0,1,0,1,0,1,7.18127180016911,,4.550699999999999,0
c:47587,Infineta Systems,closed,0,2.3479,3.4301,4,2,30000000,2,2.3562,4.0027,2.5,CA,software,0,0,1,1,0,0,1,7.477121269196145,1.6465,1.0821999999999998,1
c:1669,Challenge Games,acquired,1,2.5233,2.6685,11,2,14500000,3,3.0027,4.4247,1.5,TX,network_hosting,0,0,1,1,0,0,1,7.161368032186317,1.4219999999999997,0.1452,1
c:421,Crowd Factory,acquired,1,2.0685,2.0685,6,1,6500000,3,2.5808,4.3671,3.0,CA,advertising,1,0,0,0,0,0,1,6.8129134234573865,1.7862999999999998,0.0,1
c:155621,Friendsignia,closed,0,0.0,0.0,2,1,15000,1,0.0,0.0,1.0,TN,web,0,1,0,0,0,0,0,4.1761202110560856,0.0,0.0,1
c:40782,Vizibility,acquired,1,0.7288,3.6055,5,5,4705910,3,1.589,4.1041,3.0,NY,mobile,1,1,0,0,0,0,1,6.672643709373281,2.5151,2.8767,1
c:51306,OpenFeint,acquired,1,2.8055,2.8055,6,1,3000000,2,3.0027,4.6493,1.0,CA,games_video,1,0,0,0,0,0,1,6.477121399484465,1.6466000000000003,0.0,1
c:1088,Tumblr,acquired,1,0.7452,4.9178,30,6,125250000,5,3.0438,6.8411,3.5,NY,web,1,0,1,1,1,1,1,8.097777738006704,3.7973,4.1726,1
c:34522,Hotlist,closed,0,0.3315,4.0027,8,4,1449998,3,2.3644,3.6685,1.0,NY,social,1,1,0,0,0,0,1,6.161367702721436,1.3041,3.6712,1
c:83692,Crashlytics,acquired,1,0.6959,1.189,5,2,6000000,3,0.6629999999999999,2.6247,6.0,MA,mobile,0,1,1,0,0,0,1,6.7781513227660515,1.9617,0.4931000000000001,1
c:43831,BridgePoint Medical,acquired,1,2.0603,6.2301,7,3,28200000,0,,,3.0,MN,medical,1,0,0,1,1,0,1,7.450249123719875,,4.1698,0
c:28428,Recurve,acquired,1,3.1479,4.8795,5,2,14000000,1,5.0027,5.0027,2.0,CA,software,1,0,1,0,0,0,1,7.146128066699271,0.0,1.7316000000000003,1
c:17974,Conformity,closed,0,1.5808,1.5808,14,1,3000000,2,2.2521,2.5342,1.0,TX,enterprise,0,0,1,0,0,0,0,6.477121399484465,0.2820999999999998,0.0,1
c:81475,Moprise,closed,0,1.5151,1.7644,6,2,2238055,1,0.7479,0.7479,1.0,WA,enterprise,1,1,0,0,0,0,1,6.349870949121158,0.0,0.24930000000000008,1
c:76543,Plizy,closed,0,0.7123,2.2849,5,2,5200000,2,1.9507,2.2822,1.0,CA,photo_video,1,0,1,0,0,0,1,6.716003427152961,0.3314999999999999,1.5726,1
c:84161,ShopRunner,acquired,1,3.6329,3.6329,4,1,75000000,4,1.1479,3.7781,1.0,PA,ecommerce,1,0,0,0,0,0,0,7.875061269182293,2.6302,0.0,1
c:810,RatePoint,closed,0,0.411,3.9699,13,4,24500000,4,4.2521,5.7671,2.5,MA,software,0,0,1,1,1,0,1,7.3891661020908375,1.5149999999999997,3.5589,1
c:16488,Digital Performance,closed,0,4.9068,8.1014,3,3,4476171,0,,,2.0,CA,advertising,1,0,1,0,0,0,1,6.650906766242303,,3.1946000000000003,0
c:11042,Gowalla,acquired,1,0.5014,2.4219,21,3,10400001,3,2.8192,5.8849,6.0,TX,web,0,0,1,1,0,0,1,7.017033422816942,3.0657,1.9205,1
c:17633,Copan Systems,acquired,1,4.1836,7.1342,8,3,68400000,1,5.0027,5.0027,6.5,CO,network_hosting,1,0,0,0,1,1,1,7.835056108069451,0.0,2.9505999999999997,1
c:3187,Replay Solutions,acquired,1,2.9288,4.6329,13,2,15200000,0,,,2.0,CA,software,0,0,1,1,0,0,1,7.181843616516777,,1.7041000000000004,0
c:164922,Turf Geography Club,closed,0,0.6192,1.5863,2,2,890000,0,,,3.0,NY,mobile,0,1,0,0,0,0,1,5.949390494615967,,0.9671000000000001,0
c:81886,skyrockit,closed,0,10.5315,10.5315,0,1,2600000,0,,,1.0,CA,mobile,1,0,0,0,0,0,1,6.414973515007125,,0.0,0
c:54585,Cartavi,acquired,1,3.8685,3.8685,7,1,1226270,2,3.8301,4.0877,1.0,IL,enterprise,0,1,0,0,0,0,1,6.088586457783339,0.25760000000000005,0.0,1
c:11507,Cramster,acquired,1,6.737,8.2877,5,2,9000000,1,6.7534,6.7534,1.0,CA,web,0,0,1,1,0,0,0,6.954242557694265,0.0,1.550699999999999,1
c:24860,Certify Data Systems,acquired,1,4.6521,8.1288,4,4,7210210,1,6.0055,6.0055,1.0,CA,enterprise,1,0,1,1,0,0,0,6.85794797412232,0.0,3.4767,1
c:148750,Wheelz,acquired,1,0.7397,1.1425,15,2,15700000,1,0.5808,0.5808,3.0,CA,automotive,0,0,1,0,0,0,1,7.195899680071302,0.0,0.40280000000000005,1
c:45611,CentrePath,acquired,1,5.6849,6.3151,4,2,15050000,1,5.0055,5.0055,2.5,MA,software,1,0,0,0,1,0,1,7.1775365287866375,0.0,0.6302000000000003,1
c:4106,VoxPop Network Corporation,acquired,1,0.7479,2.7507,5,2,3500000,2,1.5836,4.5315,3.0,CA,games_video,0,0,1,1,0,0,1,6.5440681684343955,2.9479000000000006,2.0028,1
c:17775,OpVista,closed,0,6.4767,7.3507,2,2,43000000,1,5.0055,5.0055,1.0,CA,software,0,0,0,0,1,1,1,7.633468465679458,0.0,0.8739999999999997,1
c:144,Metaweb Technologies,acquired,1,1.1616,3.0384,7,2,57000000,2,3.2658,5.5397,3.5,CA,web,0,0,1,1,0,0,1,7.755874863291693,2.2739,1.8768000000000002,1
c:13046,DocVerse,acquired,1,0.8932,0.8932,8,1,1300000,4,0.8329,4.2137,4.0,CA,web,0,1,0,0,0,0,1,6.113943686379387,3.3808000000000002,0.0,1
c:40,Veoh,acquired,1,1.4986,4.4247,15,4,69750000,4,4.0877,9.737,5.0,CA,games_video,0,0,1,1,1,1,1,7.843544218172079,5.6493,2.9261,1
c:26460,BzzAgent,acquired,1,3.0,5.0027,16,2,14500000,2,9.6247,10.3945,2.0,MA,advertising,0,1,0,1,0,0,1,7.161368032186317,0.7698,2.0027,1
c:15887,Hammerhead Systems,closed,0,4.0849,5.5836,2,2,48000000,0,,,6.0,CA,hardware,0,0,0,0,1,1,1,7.681241246423389,,1.4986999999999995,0
c:36742,ThermalTherapeuticSystems,closed,0,3.5041,5.4438,3,2,3508462,0,,,3.0,PA,medical,1,0,1,0,0,0,1,6.545116900850424,,1.9397000000000002,0
c:3962,GuardianEdge Technologies,acquired,1,3.4301,5.5589,10,3,19500000,1,7.8384,7.8384,3.3333,CA,software,0,0,1,1,0,0,1,7.290034633634029,0.0,2.1288000000000005,1
c:162116,Gradient X,acquired,1,0.4685,0.4685,5,1,3750000,3,1.1041,1.6795,9.0,CA,mobile,0,0,0,0,0,0,1,6.574031383539565,0.5753999999999999,0.0,1
c:55044,ezzai - how to arabia,closed,0,0.0,0.0,1,1,45000000,0,,,2.0,IL,web,0,0,0,0,0,0,0,7.653212523426332,,0.0,0
c:7207,rPath,closed,0,0.8164,5.5616,8,4,32500000,3,4.5562,7.9863,2.75,NC,enterprise,0,0,1,1,1,1,1,7.511883374341782,3.4301000000000004,4.7452000000000005,1
c:863,Boomi,acquired,1,1.8384,8.3397,4,2,4900000,5,5.674,13.5562,1.5,PA,enterprise,0,1,0,1,0,0,1,6.690196168660032,7.8822,6.5013000000000005,1
c:16066,VoloMedia,closed,0,2.2986,3.2110000000000003,4,2,12000000,3,3.5945,4.5753,2.0,CA,advertising,0,0,0,1,1,0,1,7.07918128223883,0.9808000000000003,0.9124000000000003,1
c:220,Flixster,acquired,1,0.0329,2.2055,12,3,7175000,6,4.5151,6.9123,2.6667,CA,web,0,1,1,1,0,0,1,6.855821965934873,2.3971999999999998,2.1725999999999996,1
c:54,Wesabe,closed,0,1.1699,1.4986,3,2,4700000,4,0.0849,5.3863,1.5,CA,web,0,1,1,0,0,0,1,6.672097950338789,5.3014,0.3287,1
c:9730,OfferLounge,closed,0,0.0,0.0,3,1,120000,0,,,2.0,CA,public_relations,0,1,0,0,0,0,0,5.079184865153228,,0.0,0
c:3122,NeoEdge Networks,acquired,1,5.1041,8.6411,10,3,10000000,2,5.6712,6.8986,1.6667,CA,advertising,1,0,0,1,0,0,0,7.000000043429446,1.2274000000000003,3.537,1
c:36579,SemiSouth Laboratories,closed,0,4.9562,10.3151,0,4,39000000,0,,,3.0,TX,semiconductor,1,0,1,0,0,0,0,7.591064618162255,,5.358899999999999,0
c:43327,Camiant,acquired,1,2.2411,4.0301,3,2,16100000,0,,,2.5,MA,software,0,0,0,1,1,0,1,7.206825903006662,,1.7890000000000001,0
c:1789,NuConomy,acquired,1,1.2466,2.0849,4,2,3300000,3,2.4986,5.3233,2.0,CA,advertising,0,1,1,0,0,0,1,6.518514071482256,2.8246999999999995,0.8383000000000003,1
c:38339,Flowtown,acquired,1,1.5616,1.5616,6,1,750000,3,1.2438,1.7726,9.0,CA,analytics,0,1,0,0,0,0,1,5.875061842450624,0.5287999999999999,0.0,1
c:13410,GlobalCrypto,closed,0,2.4493,2.4493,0,2,1000000,0,,,2.0,GA,software,1,1,0,0,0,0,0,6.0000004342942646,,0.0,0
c:43915,Bioenvision,closed,0,11.3342,11.3342,3,1,7410000,0,,,3.0,NY,biotech,1,0,0,0,0,0,1,6.869818266588566,,0.0,0
c:37712,Teranetics,acquired,1,6.8932,10.4082,5,3,52800000,0,,,5.3333,CA,semiconductor,1,0,0,0,1,0,1,7.722633930759087,,3.5150000000000006,0
c:3288,WebVisible,closed,0,4.6685,9.1178,33,3,37000000,4,9.7534,12.8027,1.3333,CA,software,0,0,1,1,1,0,1,7.568201735804683,3.0493000000000006,4.449300000000001,1
c:10179,GoodGuide,acquired,1,1.137,3.737,14,3,14229998,3,2.463,3.2164,3.0,CA,web,0,0,1,1,0,0,1,7.153204869564643,0.7534000000000001,2.6,1
c:33869,ViVu,acquired,1,0.7205,2.4356,7,2,3000000,2,0.7671,2.7918,2.5,CA,messaging,0,0,1,1,0,0,1,6.477121399484465,2.0246999999999997,1.7151,1
c:21528,avVenta,acquired,1,4.0384,4.0384,10,1,20000000,1,6.0027,6.0027,1.0,NY,advertising,0,0,1,0,0,0,0,7.301030017378705,0.0,0.0,1
c:30820,DiJiPOP,acquired,1,0.7479,2.0959,6,2,2000000,3,1.6548,2.0959,1.5,RI,advertising,0,1,0,0,0,0,1,6.301030212811168,0.4410999999999998,1.3479999999999999,1
c:25782,Layer 7 Technologies,acquired,1,3.8192,6.0932,3,2,19900000,2,9.0055,9.7726,2.0,DC,software,1,0,0,1,0,0,1,7.2988530982335496,0.767100000000001,2.2740000000000005,1
c:278,DeliveryEdge,closed,0,1.2493,1.2493,6,1,1500000,1,2.589,2.589,1.0,CA,ecommerce,0,0,0,0,0,0,0,6.176091548585239,0.0,0.0,1
c:75500,Solmentum,closed,0,0.0,0.0,4,1,325000,1,1.2521,1.2521,4.0,CA,cleantech,0,1,0,0,0,0,0,5.511884697267532,0.0,0.0,1
c:67806,Pipewise,closed,0,0.463,0.463,16,1,3500000,2,1.2795,1.8192,5.0,CA,enterprise,0,0,1,0,0,0,1,6.5440681684343955,0.5396999999999998,0.0,1
c:1212,GridNetworks,closed,0,2.0027,4.3863,7,4,30000000,2,1.5836,4.1918,2.0,WA,network_hosting,0,1,1,1,0,0,1,7.477121269196145,2.6082,2.3836000000000004,1
c:31754,MAP Pharmaceuticals,acquired,1,4.2384,4.2384,1,1,50000000,0,,,6.0,CA,biotech,0,0,0,0,0,1,1,7.698970013021908,,0.0,0
c:25307,"ORCA, Inc.",acquired,1,1.4712,1.4712,5,1,2000000,2,1.0027,1.4712,3.0,NY,ecommerce,0,0,1,0,0,0,1,6.301030212811168,0.46850000000000014,0.0,1
c:1870,Amobee,acquired,1,1.5041,5.8356,25,6,72000000,2,6.1699,8.3534,2.3333,CA,advertising,1,0,1,1,1,1,1,7.857332502463136,2.1835000000000004,4.3315,1
c:27285,KOTURA,acquired,1,1.6849,5.8493,4,3,27690547,1,8.4219,8.4219,4.5,CA,cleantech,0,0,0,1,1,1,1,7.442331550582018,0.0,4.1644000000000005,1
c:48640,Auvitek International,closed,0,2.189,2.189,32,1,9000000,0,,,4.0,TX,semiconductor,0,0,0,1,0,0,1,6.954242557694265,,0.0,0
c:18470,Outright,acquired,1,0.4192,1.4658,12,2,7500000,3,3.1315,4.137,3.5,CA,enterprise,0,0,1,0,0,0,1,6.875061321297627,1.0054999999999996,1.0466,1
c:21395,Phurnace Software,acquired,1,0.6932,1.4986,9,2,10000000,1,3.4164,3.4164,2.0,TX,software,0,0,1,0,0,0,1,7.000000043429446,0.0,0.8053999999999999,1
c:25132,FastSoft,acquired,1,1.4411,6.6795,7,4,5965000,1,2.0,2.0,1.0,CA,software,1,0,1,0,0,0,0,6.775610520813476,0.0,5.2384,1
c:72,GrandCentral,acquired,1,-0.2466,-0.2466,9,1,4000000,4,-0.4082,7.4548,1.0,CA,mobile,0,0,1,0,0,0,0,6.6020600999015695,7.8629999999999995,0.0,1
c:17429,Speedshape,closed,0,5.1397,5.1397,2,1,5000000,1,7.0055,7.0055,1.0,MI,advertising,1,0,0,0,0,0,0,6.698970091194907,0.0,0.0,1
c:487,BlueLithium,acquired,1,1.0877,1.0877,15,1,11500000,2,5.0959,7.3863,2.0,CA,advertising,0,0,1,0,0,0,1,7.060697878118348,2.2904,0.0,1
c:40665,Media Chaperone,closed,0,1.0356,2.1479,2,2,1050000,1,1.5808,1.5808,1.0,IL,web,1,0,0,0,0,0,0,6.021189712683533,0.0,1.1122999999999998,1
c:2972,Giant Realm,acquired,1,1.1644,1.3507,13,2,5500000,2,1.3507,3.3315,2.0,NY,web,0,0,1,0,0,0,1,6.74036276845687,1.9808000000000001,0.1862999999999999,1
c:1832,Invite Media,acquired,1,0.8301,2.8329,17,3,5000000,4,1.0877,3.337,1.6667,PA,advertising,0,1,1,0,0,0,1,6.698970091194907,2.2493000000000003,2.0028,1
c:30173,UpMo,closed,0,-1.0521,0.6247,11,2,3700000,3,-1.3589,1.663,3.0,CA,enterprise,1,0,0,0,0,0,0,6.568201841443866,3.0219,1.6768,1
c:17512,Appscio,closed,0,1.2137,3.0082,4,2,7000000,0,,,2.0,CA,software,0,0,1,0,0,0,0,6.845098102056321,,1.7945,0
c:833,Eons,closed,0,1.2466,2.1616,14,2,32000000,4,2.0,3.8137,3.5,MA,network_hosting,0,0,1,1,0,0,1,7.505149991891608,1.8136999999999999,0.915,1
c:615,LocaModa,acquired,1,0.7123,4.2301,8,3,7900000,2,2.6685,3.0575,2.0,MA,advertising,0,0,1,0,0,0,0,6.897627146264423,0.38900000000000023,3.5178000000000003,1
c:1731,Meraki,acquired,1,0.6685,6.2795,16,5,80000000,3,2.7945,7.4493,2.25,CA,network_hosting,0,1,1,1,1,1,1,7.903089992420624,4.6548,5.611,1
c:39755,MPOWER Mobile,closed,0,4.8247,4.8247,1,1,5000000,1,0.2466,0.2466,1.0,TX,mobile,1,0,0,0,0,0,1,6.698970091194907,0.0,0.0,1
c:134,Haute Secure,acquired,1,1.0,3.1863,5,2,2100000,3,2.4301,7.6247,1.5,WA,security,0,1,1,0,0,0,1,6.322219501540766,5.194599999999999,2.1863,1
c:6313,Intelliworks,acquired,1,0.2055,4.3973,6,4,22250000,1,3.4164,3.4164,2.5,MD,enterprise,0,0,1,1,1,1,1,7.347330034835803,0.0,4.191800000000001,1
c:107746,Meridian,acquired,1,0.5397,1.5014,6,2,1975000,2,-14.1699,2.2082,3.0,OR,enterprise,1,1,0,0,0,0,0,6.295567319858364,16.3781,0.9617000000000001,1
c:2566,Kluster,acquired,1,0.0,0.0,0,1,1000000,2,3.5918,4.3260000000000005,1.0,NY,web,0,1,0,0,0,0,1,6.0000004342942646,0.7342000000000004,0.0,1
c:47440,International Battery,closed,0,2.3452,2.3452,0,1,35000000,0,,,1.0,PA,cleantech,0,0,0,0,1,0,0,7.5440680567586895,,0.0,0
c:44,Jingle Networks,acquired,1,0.0822,4.3260000000000005,12,7,88651133,5,3.663,5.6110000000000015,3.1667,NY,mobile,1,1,1,1,1,1,1,7.9476842953435085,1.9480000000000017,4.2438,1
c:30527,SemEquip,acquired,1,5.5945,5.5945,3,1,26000000,0,,,2.0,MA,semiconductor,1,0,0,0,0,0,1,7.414973364674451,,0.0,0
c:83176,ItsGoinOn,closed,0,0.6712,0.6712,3,1,100000,2,0.0,0.7562,1.0,CA,games_video,0,1,0,0,0,0,0,5.000004342923105,0.7562,0.0,1
c:20488,mSnap,acquired,1,1.0,1.0,6,1,5000000,3,3.811,4.9178,1.0,CO,mobile,0,0,1,0,0,0,1,6.698970091194907,1.1067999999999998,0.0,1
c:24570,Biofisica,closed,0,6.8356,8.3096,5,2,7300000,0,,,3.0,GA,biotech,1,0,1,0,0,0,1,6.8633229196128465,,1.4739999999999993,0
c:20506,Ardian,acquired,1,2.0027,6.2274,8,3,64080000,2,4.0027,10.7616,4.0,CA,biotech,0,0,1,1,1,0,1,7.806722509853561,6.7589,4.2247,1
c:69279,Tracelytics,acquired,1,1.3425,1.726,8,2,5800000,2,-0.0822,1.7205,4.0,RI,enterprise,0,1,1,0,0,0,1,6.76342806844129,1.8027,0.38349999999999995,1
c:23192,Canopy Financial,closed,0,4.0027,5.7534,6,4,89500000,2,5.9233,6.0,1.0,CA,finance,0,0,0,1,1,0,1,7.951823040168364,0.07669999999999977,1.7507000000000001,1
c:38,Kyte,acquired,1,0.5808,5.2521,11,4,23350000,2,3.0877,4.1699,3.0,CA,games_video,0,1,1,1,0,0,1,7.368286903501466,1.0822000000000003,4.6713000000000005,1
c:7376,Ounce Labs,acquired,1,3.6877,5.9644,7,2,13500000,0,,,2.5,MA,software,1,0,0,0,1,0,1,7.130333800664967,,2.2767000000000004,0
c:16070,Crossbeam Systems,acquired,1,7.3534,8.126,13,2,24500000,2,11.0329,11.0575,5.5,MA,security,0,0,0,0,0,0,1,7.3891661020908375,0.02459999999999951,0.7725999999999997,1
c:53814,PacketHop,closed,0,3.6027,3.6027,2,1,10000000,1,3.0027,3.0027,4.0,CA,public_relations,0,0,0,0,1,0,1,7.000000043429446,0.0,0.0,1
c:53831,Inaura,closed,0,-1.9863,-1.9863,3,1,8500000,0,,,1.0,UT,other,1,0,0,0,0,0,0,6.929418976807758,,0.0,0
c:24040,DynaPump,closed,0,16.4192,16.4192,0,1,6000000,0,,,3.0,TX,cleantech,0,0,0,1,0,0,0,6.7781513227660515,,0.0,0
c:40762,Immunet Corporation,acquired,1,1.337,1.337,3,1,2000000,1,1.3479,1.3479,2.0,CA,software,0,0,1,0,0,0,1,6.301030212811168,0.0,0.0,1
c:75008,CopperEgg Corporation,acquired,1,1.1123,1.937,3,2,4100000,2,0.0,1.1123,1.5,TX,enterprise,0,0,1,0,0,0,1,6.612783962645206,1.1123,0.8247,1
c:197,Wink,acquired,1,0.3699,0.3699,5,1,6200000,4,1.9507,8.3178,2.0,CA,search,0,0,1,0,0,0,1,6.792391759545746,6.3671,0.0,1
c:3087,PopularMedia,acquired,1,4.0877,5.5753,8,2,12250000,1,4.0027,4.0027,2.5,CA,advertising,0,0,0,1,1,0,1,7.08813612415316,0.0,1.4876000000000005,1
c:23098,Miyowa,acquired,1,3.3945,5.0712,3,2,11725600,2,5.7233,8.7342,2.0,CA,mobile,0,0,1,1,0,0,1,7.069135111881313,3.0108999999999995,1.6767000000000003,1
c:45792,Intrusic,closed,0,4.3151,5.8301,1,2,16000000,0,,,3.0,MA,software,0,0,1,1,0,0,1,7.204120009799329,,1.5149999999999997,0
c:37215,Dashwire,acquired,1,2.4767,4.3836,10,3,5056559,2,3.3945,4.9863,1.6667,WA,mobile,1,0,1,0,0,0,1,6.703855164847555,1.5918,1.9069000000000003,1
c:314,Reddit,acquired,1,0.4137,0.4137,9,1,100000,3,6.8329,8.874,1.0,CA,web,0,1,0,0,0,0,1,5.000004342923105,2.0411,0.0,1
c:3991,Pure Digital Technologies,acquired,1,2.3342,6.9671,11,3,68200000,3,4.0027,8.3014,4.0,CA,hardware,1,1,0,0,0,0,1,7.833784381024433,4.298699999999999,4.6329,1
c:16892,Voxify,acquired,1,4.0877,9.3068,5,3,33000000,1,6.0027,6.0027,3.6667,CA,enterprise,1,0,0,1,0,1,1,7.518513953038326,0.0,5.219100000000001,1
c:38460,EvoApp,closed,0,1.7863,3.3014,8,3,3352194,2,2.0822,2.3288,9.5,NC,analytics,0,1,1,0,0,0,0,6.52532927396801,0.24660000000000037,1.5151000000000001,1
c:64959,Visual Revenue,acquired,1,1.4082,1.9068,5,2,2212000,2,-0.1616,1.8384,3.0,NY,analytics,0,1,1,0,0,0,1,6.3447853189682775,2.0,0.49860000000000015,1
c:36484,Calibra Medical,acquired,1,5.9014,7.2904,1,4,19800000,0,,,5.0,CA,biotech,1,0,0,0,0,1,1,7.296665212195595,,1.3890000000000002,0
c:47270,Offermatic,closed,0,0.8301,1.0986,6,2,4500000,2,1.1014,1.1616,3.0,CA,web,0,1,1,0,0,0,1,6.653212610285218,0.06020000000000003,0.26850000000000007,1
c:17433,HiWired,acquired,1,4.0027,4.0055,2,2,14000000,1,4.0027,4.0027,1.5,MA,software,1,0,0,1,0,0,1,7.146128066699271,0.0,0.0027999999999996916,1
c:144687,DateMyFamily.com,closed,0,0.0548,0.0548,4,1,100000,2,0.0685,0.4,1.0,FL,social,0,1,0,0,0,0,0,5.000004342923105,0.3315,0.0,1
c:6592,Hyperic,acquired,1,2.3562,3.4274,4,2,9900000,2,3.0027,5.3425,2.0,CA,software,0,0,1,1,0,0,1,6.9956352384656775,2.3398000000000003,1.0712000000000002,1
c:34545,Optimal,acquired,1,0.0,5.063,10,3,7600000,2,5.0055,5.7945,5.0,CA,advertising,0,0,1,1,0,0,1,6.880813649424798,0.7890000000000006,5.063,1
c:17030,SendMeHome.com,closed,0,0.0,0.0,2,1,50000,1,0.737,0.737,2.0,CA,games_video,0,1,0,0,0,0,0,4.698978690138799,0.0,0.0,1
c:13358,Q-magic,closed,0,-0.0849,-0.0849,3,1,650000,0,,,1.0,CA,public_relations,0,1,0,0,0,0,0,5.812914024787698,,0.0,0
c:10610,Geodelic Systems,closed,0,0.9178,2.7288,8,3,10500000,3,2.4164,2.7288,2.0,CA,mobile,1,0,1,1,0,0,1,7.021189340431316,0.31240000000000023,1.8110000000000002,1
c:68470,BlockBeacon,acquired,1,0.4712,0.4712,12,1,500000,2,0.0,0.9178,1.0,CA,web,0,1,0,0,0,0,0,5.698970872924114,0.9178,0.0,1
c:10197,PostPath,acquired,1,1.9342,4.0438,2,2,24300000,3,2.0027,10.189,2.5,CA,web,0,0,0,1,1,0,1,7.385606291470513,8.1863,2.1096000000000004,1
c:33771,Attune Systems,closed,0,7.4904,7.874,6,2,18000000,1,7.0055,7.0055,4.0,CA,hardware,1,0,0,1,0,0,1,7.255272529230776,0.0,0.3835999999999995,1
c:437,TokBox,acquired,1,0.6548,3.5452,27,3,26000000,5,3.8438,6.5589,3.6667,CA,messaging,0,0,1,1,1,0,1,7.414973364674451,2.7151000000000005,2.8903999999999996,1
c:15870,Avega Systems,closed,0,2.2466,5.0356,2,2,9500000,0,,,3.0,CA,hardware,1,0,0,1,0,0,1,6.977723651004054,,2.7889999999999997,0
c:20062,Heartscape,acquired,1,7.3151,7.3151,6,1,16980999,1,5.0055,5.0055,1.0,MD,biotech,0,0,0,1,0,0,1,7.229963261979429,0.0,0.0,1
c:281,PeerMe,closed,0,1.0027,1.0027,2,1,5000000,2,1.1644,3.5699,3.0,CA,games_video,0,0,1,0,0,0,0,6.698970091194907,2.4055,0.0,1
c:19869,Pacinian,closed,0,1.6712,1.6712,3,1,350000,0,,,1.0,WA,hardware,1,0,0,0,0,0,0,5.54406928518988,,0.0,0
c:8251,neoSaej,closed,0,1.2384,4.9726,1,5,13130000,1,1.0,1.0,2.0,MA,web,1,0,1,0,0,0,1,7.118264759165981,0.0,3.7342,1
c:60243,Kiha Software,closed,0,2.8247,2.8247,1,1,20000000,2,0.0,2.8219,1.0,WA,software,0,0,1,0,0,0,0,7.301030017378705,2.8219,0.0,1
c:513,Vlingo,acquired,1,0.5014,3.2959,18,3,26500000,4,2.0685,6.9973,2.0,MA,mobile,1,0,1,1,0,0,1,7.423245890325279,4.928800000000001,2.7945,1
c:19483,Tizor Systems,acquired,1,3.6986,4.1041,4,2,15000000,0,,,5.0,MA,enterprise,0,0,0,1,0,0,1,7.176091288008646,,0.40549999999999997,0
c:49341,Cerona Networks,closed,0,4.3041,4.3041,0,1,2600000,0,,,1.0,MD,public_relations,0,0,1,0,0,0,0,6.414973515007125,,0.0,0
c:31764,Oorja Protonics,closed,0,2.3973,6.0329,1,4,21470000,0,,,3.5,CA,cleantech,0,0,1,1,0,0,1,7.3318320646642166,,3.6355999999999997,0
c:51969,Hurricane Party,closed,0,0.0,0.0,5,1,20000,2,0.274,0.863,1.0,TX,mobile,0,1,0,0,0,0,0,4.301051709845226,0.589,0.0,1
c:1284,Minekey,closed,0,1.9151,2.5808,10,2,3600000,3,2.0,6.9178,1.0,CA,web,0,1,1,0,0,0,0,6.556302621404627,4.9178,0.6657,1
c:24029,Blip,acquired,1,0.8329,7.2521,23,7,27300000,4,8.0055,8.4,2.0,NY,games_video,0,1,1,1,1,1,1,7.436162662948979,0.39450000000000074,6.4192,1
c:166772,Fabkids,acquired,1,0.5863,0.5863,8,1,2600000,1,1.0493,1.0493,2.0,CA,ecommerce,0,0,1,0,0,0,0,6.414973515007125,0.0,0.0,1
c:59709,CafeBots,closed,0,0.8027,0.8027,5,1,5000000,2,0.0,1.411,1.0,CA,web,0,0,1,0,0,0,1,6.698970091194907,1.411,0.0,1
c:11888,Avaak,acquired,1,4.7589,6.2247,2,2,17000000,2,3.6685,6.2247,3.5,CA,mobile,0,0,1,1,0,0,1,7.230448946925008,2.5562000000000005,1.4658000000000007,1
c:158294,Newfield Design,closed,0,4.3699,4.3699,0,1,662000,0,,,3.0,ME,manufacturing,0,0,1,0,0,0,0,5.820858645473165,,0.0,0
c:58550,Savored,acquired,1,0.0,1.0247,12,2,3750000,2,2.0055,2.7315,4.0,NY,hospitality,0,1,1,0,0,0,1,6.574031383539565,0.726,1.0247,1
c:4,Digg,acquired,1,0.9726,6.7534,57,4,45000000,8,5.2466,9.1534,4.6667,CA,news,0,0,1,1,1,1,1,7.653212523426332,3.9067999999999996,5.7808,1
c:1475,Songza,acquired,1,3.8849,5.863,9,2,6700000,4,2.8356,6.1123,8.0,NY,music,1,0,0,0,0,0,1,6.8260748675208935,3.2767000000000004,1.9781000000000004,1
c:23134,Bigfoot Networks,acquired,1,0.1753,3.8795,12,3,20750000,2,2.0,4.474,2.3333,CA,hardware,1,0,1,1,0,0,1,7.3170181219779655,2.474,3.7042,1
c:453,Kongregate,acquired,1,1.1616,7.5041,5,4,19000000,0,,,2.0,CA,games_video,0,0,1,1,1,0,1,7.278753623810433,,6.3425,0
c:30,Powerset,acquired,1,-0.4192,0.6658,20,3,22500000,0,,,4.0,CA,search,1,0,1,0,0,0,1,7.352182537413339,,1.085,0
c:282,Kiptronic,acquired,1,0.5041,3.0986,10,3,7300000,3,2.2384,3.7562,2.0,CA,advertising,0,1,1,1,0,0,1,6.8633229196128465,1.5178000000000003,2.5945,1
c:6340,Cozi Group,closed,0,0.7479,7.8247,16,7,26390819,3,4.3151,5.9041,1.3333,WA,web,1,0,1,1,0,0,1,7.421452884571793,1.5889999999999995,7.0768,1
c:9599,Likewise Software,acquired,1,4.4959,4.4959,4,1,10000000,0,,,3.0,WA,software,0,0,0,0,1,0,1,7.000000043429446,,0.0,0
c:63621,Lifestander,closed,0,0.0849,0.0849,1,1,31000,1,0.0,0.0,2.0,NY,web,0,1,0,0,0,0,0,4.491375703107734,0.0,0.0,1
c:251,Jaxtr,acquired,1,1.7479,2.7288,16,3,21500000,4,1.7479,6.1452,3.3333,CA,mobile,0,0,1,1,0,0,1,7.332438480115348,4.3972999999999995,0.9809000000000001,1
c:12285,MX Logic,acquired,1,4.8521,4.8521,5,1,4000000,1,6.5863,6.5863,5.0,CO,security,0,0,0,0,0,0,1,6.6020600999015695,0.0,0.0,1
c:885,Metaplace,acquired,1,0.5041,3.7068,5,3,9400000,4,2.9863,4.0219,4.0,CA,games_video,1,0,1,1,0,0,1,6.973127899801237,1.0355999999999996,3.2027,1
c:1704,TravelMuse,acquired,1,0.0411,2.1288,9,3,5600000,4,1.7562,4.874,2.0,NY,web,0,0,1,1,0,0,1,6.748188104558779,3.1178,2.0877,1
c:5986,Jambool,acquired,1,2.0027,3.0466,9,2,6000000,2,3.5836,5.4767,2.5,CA,finance,0,0,1,1,0,0,1,6.7781513227660515,1.8931,1.0439000000000003,1
c:23756,Zipcar,acquired,1,2.137,10.1288,35,4,60704370,3,10.4164,12.1863,2.0,GA,transportation,1,0,0,1,0,1,1,7.7832199634448695,1.7698999999999998,7.9918,1
c:43172,Hitpost,acquired,1,0.7534,3.0712,16,3,2000000,2,3.9178,4.5041,3.6667,CA,sports,0,1,0,0,0,0,1,6.301030212811168,0.5863,2.3178,1
c:20637,Home-Account,acquired,1,0.4548,0.7041,5,2,1000000,3,0.5808,1.737,5.5,CA,finance,1,0,1,0,0,0,1,6.0000004342942646,1.1562000000000001,0.24929999999999997,1
c:20033,PayParade Pictures,closed,0,1.126,1.4055,3,2,200000,2,0.7918,1.3973,2.0,PA,games_video,0,1,1,0,0,0,1,5.301032167130962,0.6055,0.2795000000000001,1
c:13504,Planet Metrics,closed,0,1.8658,1.8658,2,1,2300000,2,0.0,1.863,2.0,CA,cleantech,0,0,1,0,0,0,1,6.36172802484124,1.863,0.0,1
c:3185,kwiry,closed,0,2.2164,2.2164,5,1,1000000,4,0.7479,3.4164,1.0,CA,mobile,0,0,1,0,0,0,1,6.0000004342942646,2.6685,0.0,1
c:725,imeem,acquired,1,0.8356,5.7534,13,5,24750000,3,4.9781,7.0301,2.4,CA,music,1,1,1,1,0,0,1,7.393575220816839,2.0519999999999996,4.9178,1
c:13921,Amadesa,closed,0,2.5534,6.3945,15,2,12800000,1,6.6356,6.6356,2.0,IL,software,0,0,1,1,0,0,1,7.107210003577124,0.0,3.8411,1
c:24549,Cast Iron Systems,acquired,1,4.2384,6.5753,10,2,30500000,1,7.0027,7.0027,4.5,CA,enterprise,0,0,0,0,0,1,1,7.484299853585949,0.0,2.3369,1
c:5952,Aptera,closed,0,5.5671,8.5342,3,3,36300000,2,5.6055,7.8384,1.5,CA,automotive,1,0,0,0,1,0,1,7.5599066370001475,2.2329,2.9671000000000003,1
c:43183,RentJuice,acquired,1,2.1726,3.0849,7,3,6693782,3,3.0877,4.7753,1.6667,CA,real_estate,1,0,0,0,0,0,1,6.825671629230284,1.6875999999999998,0.9123000000000001,1
c:41968,Verari Systems,closed,0,11.4329,11.4329,1,1,20000000,0,,,5.0,CA,hardware,0,0,0,0,1,0,1,7.301030017378705,,0.0,0
c:5485,Parascale,acquired,1,3.4767,3.4767,8,1,11370000,3,3.6849,5.6274,2.0,CA,network_hosting,0,0,1,0,0,0,1,7.055760502884257,1.9425,0.0,1
c:9,Geni,acquired,1,0.5863,2.6384,13,3,16500000,4,3.5425,6.0712,1.3333,CA,web,0,0,1,1,1,0,1,7.217483970534783,2.5287,2.0521,1
c:15129,Zentact,closed,0,0.0,0.0,3,1,250000,1,3.411,3.411,3.0,CA,network_hosting,0,1,0,0,0,0,0,5.397941745846491,0.0,0.0,1
c:339,Outside.in,acquired,1,0.5041,3.3562,9,5,14400000,5,3.4219,7.2274,5.8,NY,web,0,1,1,1,0,0,1,7.1583625222545875,3.8055000000000003,2.8521,1
c:967,Salesforce Buddy Media,acquired,1,0.0,3.9562,24,5,90000000,3,4.7616,5.1507,3.8,NY,enterprise,1,0,1,1,1,1,1,7.954242514264819,0.3891,3.9562,1
c:2925,Vizu Corporation,acquired,1,1.0164,7.1534,10,4,13075000,2,5.6959,8.1781,4.0,CA,advertising,0,0,1,1,0,0,1,7.11644173075495,2.4822000000000006,6.1370000000000005,1
c:86,Zing Systems,acquired,1,-0.4986,-0.4137,10,2,26000000,4,-0.4986,5.7699,2.5,CA,games_video,0,0,1,0,1,0,1,7.414973364674451,6.2684999999999995,0.08489999999999998,1
c:69834,DynamicOps,acquired,1,3.1616,3.6904,6,2,16300000,2,3.0027,4.5041,2.0,MA,enterprise,0,0,0,1,0,0,1,7.21218763104779,1.5014000000000003,0.5287999999999999,1
c:44434,Movero Technology,acquired,1,4.4521,7.2274,5,2,5992316,1,7.0055,7.0055,2.0,TX,enterprise,1,0,1,0,0,0,0,6.777594779943282,0.0,2.7753000000000005,1
c:40417,Elevation Pharmaceuticals,acquired,1,3.0575,5.011,2,4,89400001,0,,,4.3333,CA,biotech,1,0,1,1,0,0,1,7.951337528511678,,1.9535,0
c:18897,Punch Entertainment,closed,0,0.8027,0.8027,4,1,1200000,1,5.3151,5.3151,1.0,CA,software,0,0,1,0,0,0,0,6.079181607959542,0.0,0.0,1
c:43416,Stickybits,closed,0,1.1836,1.3781,7,2,1900000,2,1.3288,3.1096,2.5,NY,web,0,1,1,0,0,0,1,6.278753829528812,1.7808,0.19450000000000012,1
c:23692,Ecast,closed,0,9.3534,12.4055,9,3,30300000,2,7.0055,11.3836,4.5,CA,games_video,1,0,0,0,0,1,1,7.481442642835456,4.3781,3.0520999999999994,1
c:28162,lifeIO,closed,0,2.0027,2.0027,4,1,500000,0,,,5.0,NY,web,0,1,0,0,0,0,0,5.698970872924114,,0.0,0
c:1587,EdgeCast Networks,acquired,1,0.0,6.9671,19,5,74000000,2,6.4247,7.3562,1.75,CA,network_hosting,0,1,1,1,1,1,1,7.86923172559982,0.9315000000000007,6.9671,1
c:26988,Sirific Wireless,acquired,1,7.1205,7.1205,3,1,18800000,0,,,7.0,TX,semiconductor,0,0,0,0,1,0,1,7.27415787236445,,0.0,0
c:26390,Revetto,closed,0,0.3288,0.3288,3,1,20000,1,-0.4192,-0.4192,1.0,MI,web,0,1,0,0,0,0,0,4.301051709845226,0.0,0.0,1
c:32094,ZoomSafer,acquired,1,0.1616,2.1781,3,4,3350000,2,1.5096,2.1781,1.5,VA,mobile,0,1,1,1,0,0,0,6.52504493667697,0.6685000000000001,2.0165,1
c:39364,AkaRx,acquired,1,5.0192,5.0192,1,1,26100000,0,,,2.0,NJ,biotech,1,0,0,0,0,0,1,7.416640523977916,,0.0,0
c:51623,Lama Lab,closed,0,1.411,2.5151,0,2,1213066,0,,,1.0,PA,enterprise,1,0,0,0,0,0,1,6.083884788440119,,1.1040999999999999,0
c:8676,Buysight,acquired,1,0.8438,4.2219,18,3,24030000,3,0.7616,4.9288,3.6667,CA,advertising,0,0,1,1,0,0,1,7.380753788876912,4.167199999999999,3.3781,1
c:767,TripIt,acquired,1,0.4986,3.4247,14,3,13100000,5,1.9863,5.9616,1.6667,CA,travel,0,1,0,1,1,0,1,7.117271328808013,3.9753,2.9261,1
c:6011,Pinch Media,acquired,1,0.0822,1.7671,6,3,560001,5,0.3014,5.0082,3.5,NY,software,1,1,0,0,0,0,1,5.748189578055152,4.7068,1.6848999999999998,1
c:31794,Enstratius,acquired,1,2.8493,2.8493,7,1,3500000,3,2.9068,4.1918,2.0,MN,enterprise,0,0,1,0,0,0,1,6.5440681684343955,1.2849999999999997,0.0,1
c:10054,Jumptap,acquired,1,0.1616,7.5041,45,7,121500000,3,7.0521,8.6192,4.5,MA,mobile,1,0,1,1,1,1,1,8.08457628150877,1.567099999999999,7.3425,1
c:14036,WiChorus,acquired,1,0.9726,3.8438,18,4,42500000,1,2.0,2.0,2.5,CA,mobile,1,0,1,1,1,0,1,7.628388940269005,0.0,2.8712,1
c:38123,Hatteras Networks,acquired,1,5.4384,6.4192,26,2,36000000,1,6.0055,6.0055,3.5,NC,software,1,0,0,0,0,1,1,7.556302512831023,0.0,0.9808000000000003,1
c:16709,Focus,closed,0,2.5973,2.5973,7,1,12170000,2,2.9178,5.4822,3.0,CA,enterprise,0,0,0,0,1,0,1,7.085290613915723,2.5643999999999996,0.0,1
c:46901,easy2comply (Dynasec),acquired,1,5.7534,5.7534,4,1,1000000,2,8.0055,9.8356,3.0,NY,software,0,0,1,0,0,0,1,6.0000004342942646,1.8300999999999998,0.0,1
c:18056,Socialize,acquired,1,3.337,3.937,5,3,1820000,4,-2.4986,4.7205,1.0,CA,mobile,0,1,0,0,0,0,0,6.260071626608351,7.219100000000001,0.5999999999999996,1
c:13219,Clearwire,acquired,1,4.6,9.4164,19,4,5700000000,2,5.2575,9.7753,4.25,WA,mobile,0,0,0,0,0,0,1,9.755874855748683,4.517799999999999,4.8164,1
c:44576,CREDANT Technologies,acquired,1,6.9699,6.9699,6,1,5000000,2,0.0849,11.9699,5.0,TX,security,0,0,0,0,1,0,1,6.698970091194907,11.885000000000002,0.0,1
c:55043,Exclusively.in,acquired,1,0.8384,1.4055,4,2,18800000,1,1.6356,1.6356,2.5,NY,fashion,0,0,1,1,0,0,1,7.27415787236445,0.0,0.5670999999999999,1
c:31832,Avidia,acquired,1,2.3452,3.3534,3,2,72300000,0,,,4.5,CA,advertising,0,0,0,1,1,0,1,7.85913830330137,,1.0082,0
c:51021,PayDivvy,acquired,1,-0.1369999999999999,3.1452,3,3,1310000,4,-2.0932,4.4082,1.0,CA,social,0,1,0,0,0,0,0,6.117271627178143,6.5014,3.2822,1
c:42672,Octavian,closed,0,2.4164,4.7753,2,2,15000000,1,4.0027,4.0027,2.5,MA,software,0,0,1,1,0,0,1,7.176091288008646,0.0,2.3588999999999998,1
c:130,KickApps,acquired,1,2.2521,4.7397,22,3,39007789,5,5.3370000000000015,7.274,3.0,NY,enterprise,0,0,1,1,1,0,1,7.5911513459028415,1.9369999999999985,2.4876,1
c:47601,Airwide Solutions,acquired,1,2.0685,2.0685,3,1,25000000,1,-1.9151,-1.9151,5.0,MA,software,0,0,0,0,0,1,1,7.397940026043816,0.0,0.0,1
c:60087,Localocracy,acquired,1,0.3288,2.0932,4,3,172500,2,1.3288,2.7534,1.0,MA,web,0,1,0,0,0,0,0,5.236791617051166,1.4246,1.7644,1
c:24853,Pixable,acquired,1,1.6658,2.1123,23,2,6100000,2,2.3041,3.5507,1.0,NY,social,0,0,1,1,0,0,1,6.785329906206578,1.2466,0.4464999999999999,1
c:14608,mFoundry,acquired,1,2.2192,7.9315,7,3,40300000,5,1.6685,9.0904,4.0,CA,mobile,1,0,0,1,1,0,1,7.605305056917647,7.421900000000001,5.7123,1
c:65389,Bevvy,closed,0,0.3616,0.3616,9,1,100000,3,0.3753,0.5425,1.0,CA,ecommerce,0,1,0,0,0,0,0,5.000004342923105,0.16719999999999996,0.0,1
c:1767,Livemocha,acquired,1,0.3342,5.4904,14,5,19389998,2,2.7507,5.589,1.5,WA,education,1,0,1,1,1,0,1,7.287577786680846,2.8383000000000003,5.1562,1
c:6012,IronPort Systems,acquired,1,2.4822,4.8192,21,2,61500000,3,5.5863,11.9452,4.0,CA,hardware,0,0,0,1,0,1,1,7.788875122837116,6.3589,2.337,1
c:44976,Crowdcast,acquired,1,3.4411,3.4411,6,1,6000000,2,4.0027,5.7178,2.0,CA,software,0,0,1,0,0,0,1,6.7781513227660515,1.7151000000000005,0.0,1
c:2275,Where,acquired,1,-0.0027,5.0055,23,4,19100000,6,4.9507,7.3726,2.5,MA,mobile,0,0,1,1,1,0,1,7.281033389985658,2.4219,5.0081999999999995,1
c:16611,Pictela,acquired,1,0.2219,2.0548,8,4,3499997,3,0.0411,3.9178,1.5,NY,advertising,1,0,1,0,0,0,1,6.544067796181929,3.8767,1.8329000000000002,1
c:975,Grouply,acquired,1,1.2521,1.874,13,3,2600000,2,4.7178,5.0959,3.6667,CA,network_hosting,0,1,1,0,0,0,1,6.414973515007125,0.3780999999999999,0.6219000000000001,1
c:51332,Storify,acquired,1,-0.4466,1.1479,14,3,2023000,2,3.0603,3.7479,1.3333,CA,web,0,1,1,0,0,0,1,6.30599609744919,0.6876000000000002,1.5945,1
c:25713,Axiom Microdevices,acquired,1,5.1068,5.1068,3,1,25000000,0,,,4.0,CA,semiconductor,1,0,0,0,0,0,1,7.397940026043816,,0.0,0
c:36151,ShoeDazzle,acquired,1,0.7205,3.5945,17,4,66000000,4,2.8384,4.0192,2.3333,CA,fashion,1,0,1,1,1,0,1,7.819543942122088,1.1807999999999996,2.874,1
c:148576,LiftDNA,acquired,1,1.4192,1.4466,5,2,1000000,1,1.663,1.663,3.5,NY,advertising,0,1,0,0,0,0,0,6.0000004342942646,0.0,0.02740000000000009,1
c:73586,Onavo,acquired,1,1.3288,2.063,11,2,13000000,2,3.2493,3.7836,3.0,CA,mobile,0,0,1,1,0,0,1,7.113943385714103,0.5343,0.7342000000000002,1
c:46070,Pyxis Mobile,closed,0,7.6932,14.0329,3,3,24150000,2,12.5041,14.0329,2.3333,MA,software,1,0,1,1,0,0,1,7.382917153070739,1.5288000000000004,6.3397,1
c:84867,Link_A_Media Devices,closed,0,5.8411,8.2219,4,3,47218498,0,,,3.3333,CA,semiconductor,1,0,0,0,1,1,1,7.674112177440331,,2.3808,0
c:12171,Guardium,acquired,1,3.6137,4.3753,1,2,11800000,2,0.0,7.9178,4.5,MA,search,0,0,0,0,1,1,1,7.071882044110741,7.9178,0.7616,1
c:45413,Trooval,closed,0,1.5973,2.1781,2,2,2387481,1,0.0822,0.0822,1.0,NV,analytics,1,0,0,0,0,0,1,6.377940105981379,0.0,0.5808000000000002,1
c:1285,Compete,acquired,1,0.8356,7.5863,35,4,33000000,5,11.589,13.5863,2.5,MA,consulting,1,0,1,1,1,0,1,7.518513953038326,1.9972999999999992,6.750699999999999,1
c:13730,Rollstream,acquired,1,2.6712,3.8822,4,2,7500000,3,4.0027,7.3205,1.5,VA,software,0,0,1,1,0,0,1,6.875061321297627,3.3178,1.2110000000000003,1
c:31936,NeoGuide Systems,acquired,1,6.7479,6.7479,3,1,25000000,1,4.0027,4.0027,1.0,CA,biotech,0,0,0,0,1,0,1,7.397940026043816,0.0,0.0,1
c:32011,Accept Software,acquired,1,3.7096,8.9562,7,4,25305000,1,4.0027,4.0027,2.0,CA,software,1,0,1,1,1,0,1,7.403206358807204,0.0,5.246600000000001,1
c:22203,Milo,acquired,1,0.8356,1.8986,21,2,4950000,3,2.3014,3.8356,12.5,CA,web,0,1,1,0,0,0,1,6.694605286669819,1.5341999999999998,1.0630000000000002,1
c:10512,Mimosa Systems,acquired,1,2.2712,6.3781,8,6,53816776,0,,,5.0,CA,software,1,0,0,1,1,1,1,7.730917685010267,,4.1068999999999996,0
c:105,Surphace,acquired,1,-0.1671,0.9151,15,2,3500000,4,2.674,8.3836,5.5,NY,web,0,0,1,1,0,0,1,6.5440681684343955,5.7096,1.0822,1
c:60436,Cloudmeter,acquired,1,5.0767,5.0767,7,1,5000000,2,4.7562,6.0466,1.0,CA,enterprise,0,0,1,0,0,0,0,6.698970091194907,1.2904,0.0,1
c:5779,Zecter,acquired,1,0.0,2.5397,9,3,2515000,3,3.7699,5.9233,1.6667,CA,network_hosting,1,1,1,0,0,0,1,6.400538162073614,2.1534000000000004,2.5397,1
c:3413,Dimdim,acquired,1,1.0849,2.4986,10,2,8400000,3,2.5205,5.0192,2.0,MA,web,0,0,1,1,0,0,1,6.924279337763602,2.4986999999999995,1.4137000000000002,1
c:6049,TeleFlip,closed,0,2.5836,4.0027,5,2,4900000,3,2.0301,4.6164,1.0,CA,mobile,0,0,1,1,0,0,1,6.690196168660032,2.5862999999999996,1.4190999999999998,1
c:58998,MessageGate,closed,0,4.2959,4.2959,3,1,5000000,1,5.0027,5.0027,5.0,WA,software,1,0,0,0,0,0,1,6.698970091194907,0.0,0.0,1
c:39283,Cloverleaf Communications,acquired,1,4.4904,4.4904,2,1,11000000,0,,,3.0,NY,public_relations,0,0,0,0,1,0,1,7.04139272463954,,0.0,0
c:13681,SkyPilot Networks,acquired,1,1.0027,8.2548,6,4,68400000,0,,,4.0,CA,mobile,1,0,1,0,1,1,1,7.835056108069451,,7.2520999999999995,0
c:21762,Zencoder,acquired,1,3.0877,4.2795,7,2,2000000,2,3.6356,4.6685,8.5,CA,software,0,1,1,0,0,0,1,6.301030212811168,1.0328999999999997,1.1917999999999997,1
c:39801,Storm Exchange,closed,0,0.6685,1.926,2,2,10800000,1,0.0,0.0,2.0,NY,enterprise,1,0,1,0,0,0,1,7.0334237956994,0.0,1.2574999999999998,1
c:1388,The Huffington Post,acquired,1,-0.0219,5.2329,31,5,37000000,3,5.7616,7.4877,2.5,NY,news,1,0,1,1,1,0,1,7.568201735804683,1.7261000000000006,5.2547999999999995,1
c:11307,Exaprotect,acquired,1,2.5233,2.5233,5,1,7660000,3,4.0027,9.8849,6.0,CA,security,0,0,1,0,0,0,1,6.884228826329008,5.8822,0.0,1
c:37929,Akorri Networks,acquired,1,0.3397,5.2247,5,4,48730000,3,3.0,6.0329,3.0,MA,software,1,0,1,1,1,0,1,7.687796420293555,3.0328999999999997,4.885000000000001,1
c:47115,Giiv,closed,0,0.0,1.4137,1,2,3350000,1,1.4137,1.4137,2.5,CA,messaging,0,1,1,0,0,0,1,6.52504493667697,0.0,1.4137,1
c:11817,MyShape,closed,0,3.8767,7.1973,3,4,28000000,2,2.6658,7.1973,3.0,CA,ecommerce,1,0,0,1,1,0,1,7.447158046852736,4.5315,3.3206,1
c:81476,BlackLocus,acquired,1,1.4959,1.4959,5,1,2500000,1,2.0849,2.0849,2.0,TX,analytics,0,0,1,0,0,0,1,6.397940182389796,0.0,0.0,1
c:155,FeedBurner,acquired,1,0.3315,1.1644,16,2,8000000,4,2.0795,9.3507,4.0,IL,web,0,0,1,1,0,0,1,6.903090041278751,7.2712,0.8329000000000001,1
c:9822,DailyBurn,acquired,1,0.5836,1.6521,6,2,540000,2,0.6329,4.263,2.5,NY,web,0,1,0,0,0,0,1,5.732394564071265,3.6300999999999997,1.0684999999999998,1
c:93,CastTV,acquired,1,0.0,1.2466,4,2,3100000,4,1.0,5.4384,2.0,CA,games_video,0,1,1,0,0,0,1,6.491361833929244,4.4384,1.2466,1
c:37635,Venmo,acquired,1,1.0904,2.326,8,2,1200000,2,2.8301,4.6904,6.0,NY,mobile,0,1,1,0,0,0,1,6.079181607959542,1.8603000000000005,1.2356,1
c:1627,WeShow,closed,0,0.0,0.0,2,1,5000000,1,0.1096,0.1096,2.0,NY,games_video,0,0,1,0,0,0,0,6.698970091194907,0.0,0.0,1
c:15294,SenSage,acquired,1,0.6658,7.3753,6,6,37079000,1,2.3726,2.3726,3.8,CA,security,1,0,0,0,1,1,1,7.569128024662535,0.0,6.7095,1
c:27163,Luminus Devices,acquired,1,4.3315,11.1699,3,4,135826373,2,8.7041,8.7068,4.3333,MA,other,0,0,0,1,0,1,1,8.13298410698829,0.0026999999999990365,6.8384,1
c:3267,Tapioca Mobile,closed,0,-0.3342,0.2301,5,2,5000000,0,,,1.0,CA,mobile,1,1,0,0,0,0,1,6.698970091194907,,0.5643,0
c:77139,BestVendor,acquired,1,0.2082,1.0849,3,4,4200000,3,0.1616,2.6521,3.0,NY,software,0,1,1,0,0,0,1,6.623249393801336,2.4905,0.8767,1
c:9085,Local Marketers,closed,0,3.5808,3.5808,3,1,4100000,3,-1.0027,7.5918,1.0,WA,web,1,0,0,0,0,0,1,6.612783962645206,8.5945,0.0,1
c:80259,Eyeona,closed,0,0.7726,0.7726,3,1,2000000,2,0.3123,1.1479,1.0,CA,web,0,0,0,0,0,0,0,6.301030212811168,0.8355999999999999,0.0,1
c:26806,ColdSpark,acquired,1,5.0027,5.0027,3,1,6500000,1,5.4986,5.4986,1.0,CO,software,1,0,0,0,0,0,1,6.8129134234573865,0.0,0.0,1
c:18080,Etology,closed,0,1.4521,1.4521,0,1,4000000,0,,,3.0,CA,web,0,0,1,0,0,0,0,6.6020600999015695,,0.0,0
c:55592,Wander (f. YongoPal),closed,0,0.2466,1.0,3,5,185000,1,1.1616,1.1616,2.0,CA,mobile,1,1,0,0,0,0,1,5.267174075934409,0.0,0.7534,1
c:74928,CrowdCompass,acquired,1,2.6959,2.6959,5,1,1300000,2,3.2192,4.0027,1.0,OR,mobile,0,0,1,0,0,0,0,6.113943686379387,0.7835000000000001,0.0,1
c:2731,Right Media,acquired,1,3.7945,3.7945,21,1,45000000,0,,,1.0,NY,advertising,0,0,0,1,0,0,0,7.653212523426332,,0.0,0
c:32383,Goby,acquired,1,2.3041,2.3041,4,1,2500000,3,-0.3342,2.3589,2.0,MA,search,0,0,1,0,0,0,1,6.397940182389796,2.6931000000000003,0.0,1
c:1419,FiveRuns,acquired,1,0.5808,2.737,11,2,9200000,2,1.9151,4.6603,1.0,TX,web,0,0,1,1,0,0,1,6.963787874551475,2.7452000000000005,2.1562,1
c:53304,GeekStatus,closed,0,-1.4712,-0.1369999999999999,0,4,435953,0,,,1.0,CA,web,0,1,0,0,0,0,0,5.639440666791286,,1.3342,0
c:1899,MOLI,closed,0,-1.0,0.0,9,2,55600000,2,-1.5863,0.863,2.0,CT,network_hosting,0,0,1,1,0,0,0,7.745074799393109,2.4493,1.0,1
c:29168,TrenStar,acquired,1,6.263,6.263,2,1,10000000,1,1.0,1.0,1.0,CO,software,1,0,0,0,0,0,0,7.000000043429446,0.0,0.0,1
c:60352,World Blender,closed,0,0.8329,0.8329,3,1,12000,1,0.6658,0.6658,1.0,WA,games_video,0,1,0,0,0,0,1,4.079217435746567,0.0,0.0,1
c:39507,Zymetis,closed,0,4.0301,4.0849,3,2,2257464,0,,,1.0,MD,biotech,1,0,0,0,0,0,0,6.353621025685566,,0.05480000000000018,0
c:82843,Dispatch,acquired,1,0.1671,0.5288,4,2,983000,2,0.1671,2.4438,6.0,NY,messaging,0,1,0,0,0,0,1,5.992553959637081,2.2767,0.3617,1
c:23052,HauteLook,acquired,1,1.4466,2.5068,15,2,41000000,2,2.5014,3.6411,1.5,CA,fashion,0,0,0,1,1,0,1,7.612783867312284,1.1397,1.0602,1
c:10969,Semantra,closed,0,3.6685,5.5589,0,3,9100000,0,,,1.0,TX,software,1,0,0,1,1,0,0,6.959041440045759,,1.8904000000000005,0
c:6150,Inertia Beverage Group,closed,0,2.4438,7.1973,6,3,25500100,3,-2.0575,6.8767,2.5,CA,software,1,0,0,1,0,0,1,7.40654190057732,8.9342,4.753500000000001,1
c:46129,Sponge,acquired,1,0.2959,0.2959,3,1,400000,2,1.5863,1.6658,1.0,CA,web,0,1,0,0,0,0,1,5.60206107706281,0.0794999999999999,0.0,1
c:36936,Genesis Networks,acquired,1,4.737,8.3479,4,10,22165091,0,,,2.0,NY,network_hosting,1,0,0,1,0,0,1,7.345669538252516,,3.610899999999999,0
c:1760,Mogad,acquired,1,0.1671,0.1671,4,1,500000,2,0.6712,3.3151,4.0,CA,network_hosting,0,0,1,0,0,0,1,5.698970872924114,2.6439000000000004,0.0,1
c:173,Meebo,acquired,1,0.6629999999999999,5.8849,29,5,70000000,4,6.211,8.6082,2.8,CA,web,0,0,1,1,1,1,1,7.845098046218464,2.3971999999999998,5.2219,1
c:6520,Accertify,acquired,1,1.2603,3.1781,6,2,4700000,1,2.8411,2.8411,1.0,IL,security,1,0,1,0,0,0,1,6.672097950338789,0.0,1.9178000000000002,1
c:1725,N2N Commerce,acquired,1,2.0055,2.0055,1,1,30000000,1,0.0,0.0,2.0,MA,ecommerce,1,0,0,0,0,0,1,7.477121269196145,0.0,0.0,1
c:26007,StreamBase Systems,acquired,1,2.0658,9.3836,13,5,39000000,1,7.0055,7.0055,3.25,MA,software,0,0,0,1,1,1,1,7.591064618162255,0.0,7.3178,1
c:16189,Provigent,acquired,1,6.4356,9.0,10,3,32000000,1,10.0082,10.0082,3.0,CA,semiconductor,0,0,0,0,0,1,1,7.505149991891608,0.0,2.5644,1
c:6117,Navic Networks,acquired,1,0.1151,1.1507,7,3,42000000,0,,,2.6667,MA,advertising,0,0,1,1,1,0,1,7.623249300738245,,1.0356,0
c:45696,Integrien,acquired,1,4.3726,9.3616,5,3,24510540,2,4.0027,9.3616,2.6667,CA,enterprise,1,0,1,1,0,0,1,7.389352897164837,5.358899999999999,4.988999999999999,1
c:56580,Generic Media,closed,0,5.6548,5.6548,0,1,2500000,0,,,2.0,CA,software,1,0,0,0,0,0,1,6.397940182389796,,0.0,0
c:23072,Persystent Technologies,acquired,1,3.6027,7.926,1,3,21460663,2,8.5945,9.1096,4.5,FL,software,0,0,0,1,1,1,1,7.33164315505187,0.5151000000000003,4.3233,1
c:49442,WireImage,acquired,1,5.3507,5.3507,6,1,15000000,0,,,4.0,NY,games_video,0,0,0,0,1,0,1,7.176091288008646,,0.0,0
c:38794,Hello Chair,closed,0,1.4137,4.2795,5,2,889999,2,1.3288,5.1836,3.5,CA,mobile,1,1,0,0,0,0,1,5.949390006644912,3.8548,2.8657999999999997,1
c:58018,Encentuate,acquired,1,4.2219,4.2219,6,1,16000000,1,3.0,3.0,3.0,CA,software,0,0,0,1,0,0,1,7.204120009799329,0.0,0.0,1
c:921,Consorte Media,acquired,1,2.4192,2.4192,5,1,7000000,4,2.5041,8.3973,2.0,CA,web,0,0,0,1,0,0,1,6.845098102056321,5.893199999999999,0.0,1
c:71120,Triples Media,closed,0,0.7479,0.7479,3,2,100000,0,,,1.0,NY,advertising,0,1,0,0,0,0,0,5.000004342923105,,0.0,0
c:20146,RightsFlow,acquired,1,1.9041,1.9041,13,1,1500000,3,1.9041,4.0027,1.0,NY,music,0,0,1,0,0,0,0,6.176091548585239,2.0986000000000002,0.0,1
c:7440,thePlatform,acquired,1,6.0356,6.0356,19,1,8000000,4,10.4959,12.6137,1.0,WA,web,1,0,0,0,0,0,1,6.903090041278751,2.117799999999999,0.0,1
c:512,Docstoc,acquired,1,0.2521,0.7425,22,2,4000000,4,4.2082,6.3479,3.0,CA,web,0,0,1,1,0,0,1,6.6020600999015695,2.1397000000000004,0.49040000000000006,1
c:25808,TwtBks,closed,0,0.0164,0.0164,3,1,25000,0,,,1.0,CA,web,0,1,0,0,0,0,0,4.397957380103888,,0.0,0
c:20117,Zenprise,acquired,1,2.4301,9.0055,10,6,64630000,3,8.5781,10.0137,3.6667,CA,mobile,1,0,0,1,1,0,1,7.810434162642377,1.4356000000000009,6.5754,1
c:10398,Picateers,closed,0,1.0,3.6493,10,2,12100000,1,3.4986,3.4986,1.0,CA,web,0,0,1,1,0,0,1,7.082785406208554,0.0,2.6493,1
c:14854,Vontu,acquired,1,4.2192,5.6110000000000015,9,2,20000000,1,5.0027,5.0027,4.5,CA,software,0,0,0,0,1,1,1,7.301030017378705,0.0,1.3918000000000017,1
c:37647,NextIO,closed,0,2.0301,9.3808,10,4,49600000,1,9.0055,9.0055,2.6667,TX,hardware,0,0,0,1,1,0,1,7.6954816852461345,0.0,7.350700000000001,1
c:18875,Emergent Game Technologies,acquired,1,7.5123,9.9479,3,5,51450000,1,0.4164,0.4164,5.6667,CA,games_video,1,0,0,0,0,1,1,7.71138538753955,0.0,2.435600000000001,1
c:27591,threadsy,acquired,1,-0.1808,2.5178,7,2,6300000,1,4.6904,4.6904,2.0,CA,messaging,0,0,1,1,0,0,1,6.799340618389208,0.0,2.6986,1
c:76274,Sonar.me,closed,0,2.0,2.0,8,1,200000,3,1.0274,3.1644,2.0,NY,mobile,0,1,0,0,0,0,1,5.301032167130962,2.137,0.0,1
c:150577,StyleZen,closed,0,0.0,0.0,2,1,20000,1,0.0,0.0,1.0,OH,fashion,0,1,0,0,0,0,0,4.301051709845226,0.0,0.0,1
c:12052,Kiva Systems,acquired,1,0.0,3.3945,13,2,11600000,3,6.9781,9.2192,2.0,MA,hardware,0,0,1,0,1,0,1,7.064458026666096,2.2411000000000003,3.3945,1
c:3180,Krillion,acquired,1,0.1205,0.1205,6,1,9150000,2,-0.2438,5.263,2.0,CA,web,0,0,1,0,0,0,1,6.961421141530323,5.5068,0.0,1
c:33912,Transactiv,closed,0,0.2849,0.2849,2,1,1200000,2,0.0,0.2849,4.0,OH,advertising,0,0,1,0,0,0,1,6.079181607959542,0.2849,0.0,1
c:71372,nprogress,closed,0,1.8301,1.8301,4,1,1700000,2,1.1616,1.1616,7.0,CA,social,0,0,0,0,0,0,1,6.230449176845541,0.0,0.0,1
c:465,Brightkite,acquired,1,0.5808,2.5123,9,3,1415000,4,0.5918,4.9699,1.0,CA,social,1,1,0,0,0,0,1,6.150756746782096,4.3781,1.9315000000000002,1
c:17430,Peanut Labs,acquired,1,1.0849,3.1342,16,2,4200000,2,5.9178,7.9342,1.5,CA,enterprise,0,0,1,1,0,0,1,6.623249393801336,2.0164,2.0492999999999997,1
c:4529,FlipKey,acquired,1,0.9151,1.6356,7,2,500000,2,4.8521,6.0904,2.0,MA,web,0,1,1,0,0,0,0,5.698970872924114,1.2382999999999997,0.7204999999999999,1
c:41957,AppTrigger,acquired,1,5.9507,5.9507,1,1,21500000,0,,,4.0,TX,public_relations,0,0,0,0,1,0,1,7.332438480115348,,0.0,0
c:2889,Footnote,acquired,1,0.0411,1.5863,4,2,10000000,2,2.2795,4.3918,2.0,UT,web,0,0,1,0,0,0,0,7.000000043429446,2.1123,1.5452000000000001,1
c:46042,NextMedium,closed,0,1.0877,2.5616,7,2,9500000,1,4.0027,4.0027,2.5,CA,software,0,0,1,1,0,0,1,6.977723651004054,0.0,1.4739,1
c:38504,iosil Energy,closed,0,2.9808,5.211,4,2,13875001,0,,,10.0,NM,cleantech,0,0,0,0,0,0,1,7.1422330543957155,,2.2302000000000004,0
c:25997,Kurani Interactive,closed,0,10.9068,10.9068,5,1,275000,1,9.2548,9.2548,2.0,NJ,software,0,1,0,0,0,0,0,5.4393342730800525,0.0,0.0,1
c:2953,Kapow Software,acquired,1,0.0849,5.0356,10,3,19743770,1,1.8329,1.8329,2.5,CA,software,0,0,0,1,1,0,1,7.295430105176632,0.0,4.950699999999999,1
c:49876,Locately,acquired,1,2.0849,4.0192,5,5,1178000,1,2.5041,2.5041,5.0,MA,software,0,1,0,0,0,0,1,6.071145659121964,0.0,1.9342999999999995,1
c:1447,TrustedID,acquired,1,0.7479,2.7945,5,3,25000000,2,2.0575,3.8356,2.0,CA,security,0,0,1,1,0,0,1,7.397940026043816,1.7780999999999998,2.0466,1
c:26114,Ciclon Semiconductor Device Corporation,acquired,1,1.5863,3.1808,1,3,24150000,0,,,2.0,PA,semiconductor,1,0,1,1,0,0,1,7.382917153070739,,1.5945,0
c:25688,Azingo,closed,0,1.7479,3.5452,4,2,80000000,1,2.0,2.0,1.0,CA,mobile,0,0,1,1,0,0,0,7.903089992420624,0.0,1.7973,1
c:335,Vudu,acquired,1,1.4164,3.326,11,2,36000000,3,4.4192,9.8164,3.5,CA,hardware,0,0,1,1,0,0,1,7.556302512831023,5.3972,1.9096,1
c:10153,"ITOG, Inc.",closed,0,1.3973,1.3973,1,1,205000,0,,,1.0,MO,network_hosting,0,1,0,0,0,0,0,5.311755979560255,,0.0,0
c:27,Plaxo,acquired,1,-0.0438,4.211,27,4,28300000,4,6.4164,9.0658,2.5,CA,web,0,0,1,1,1,1,1,7.451786450870385,2.649399999999999,4.2548,1
c:1957,Sharetivity,closed,0,-1.1836,-1.1836,1,1,2000000,1,0.8301,0.8301,1.0,CA,web,0,0,0,0,0,0,0,6.301030212811168,0.0,0.0,1
c:63,YouTube,acquired,1,0.7479,1.1616,63,2,11500000,6,2.4,8.8384,1.0,CA,games_video,0,0,1,1,0,0,1,7.060697878118348,6.4384,0.41369999999999996,1
c:58699,Hashable,closed,0,0.8904,0.8904,15,1,4000000,2,1.3288,2.526,3.0,NY,mobile,0,0,1,0,0,0,1,6.6020600999015695,1.1971999999999998,0.0,1
c:43386,MyNines,closed,0,0.7151,0.7151,2,1,500000,2,0.7479,2.011,1.0,NY,ecommerce,0,1,0,0,0,0,1,5.698970872924114,1.2631000000000001,0.0,1
c:3717,itzbig,closed,0,0.7425,0.7425,9,1,4000000,2,1.1671,3.9151,2.0,TX,search,0,0,1,0,0,0,1,6.6020600999015695,2.7479999999999998,0.0,1
c:70893,Loosecubes,closed,0,0.0,2.4274,8,2,9030000,2,2.4274,2.4986,4.0,NY,web,0,1,1,0,0,0,1,6.95568779840813,0.07120000000000015,2.4274,1
c:24727,Avid Radiopharmaceuticals,acquired,1,0.0658,4.3863,15,4,69900000,0,,,4.75,PA,biotech,0,1,1,0,1,1,1,7.844477181958764,,4.3205,0
c:162219,Contur,closed,0,0.6658,0.6658,2,1,20000,1,0.4192,0.4192,1.0,CA,messaging,0,1,0,0,0,0,0,4.301051709845226,0.0,0.0,1
c:12178,ExactTarget,acquired,1,3.6384,11.9041,29,7,238209999,3,10.9836,12.6822,2.0,IN,software,1,0,0,0,0,0,1,8.376959989110066,1.6986000000000008,8.265699999999999,1
c:23487,Rhythmia Medical,acquired,1,3.1014,6.7342,3,3,14700000,2,4.0027,6.7342,1.0,MA,medical,1,0,0,1,0,0,0,7.167317364292018,2.7315000000000005,3.6328000000000005,1
c:3400,MyMiniLife,acquired,1,-0.1288,0.8712,4,3,430000,2,-0.5863,1.2137,1.6667,CA,games_video,0,1,0,0,0,0,0,5.63346946556558,1.8,1.0,1
c:176278,Adept Cloud,acquired,1,1.337,1.4219,5,2,1015000,1,0.5863,0.5863,1.0,CA,enterprise,1,0,1,0,0,0,0,6.006466470125358,0.0,0.08489999999999998,1
c:22113,Factery,closed,0,0.4438,0.4438,2,1,1200000,1,0.8192,0.8192,2.0,CA,web,1,0,0,0,0,0,1,6.079181607959542,0.0,0.0,1
c:5617,"MeetMe, Inc.",acquired,1,1.8301,3.3288,16,2,17100000,4,3.274,7.6274,2.5,PA,web,0,0,1,1,0,0,1,7.232996135789492,4.3534,1.4987000000000001,1
c:15996,WildBlue,acquired,1,4.6767,4.6767,0,1,50000000,1,5.9671,5.9671,4.0,CO,web,1,0,0,0,0,0,1,7.698970013021908,0.0,0.0,1
c:46893,HeadCase Humanufacturing,closed,0,0.6548,0.6548,3,1,900000,0,,,1.0,CA,software,0,0,1,0,0,0,1,5.954242991988481,,0.0,0
c:1753,bluepulse,closed,0,16.9863,16.9863,7,1,6000000,2,16.663,18.3233,1.0,CA,network_hosting,0,0,1,0,0,0,1,6.7781513227660515,1.6602999999999994,0.0,1
c:22057,Mr. Youth,acquired,1,0.7479,7.0904,5,2,15100000,3,8.0055,9.874,1.0,NY,advertising,0,1,1,0,0,0,0,7.1789769760543924,1.868500000000001,6.342499999999999,1
c:35887,Teknovus,acquired,1,1.0,8.8795,7,5,62600000,2,4.0027,9.1863,9.3333,CA,semiconductor,1,0,1,1,1,1,1,7.796574340148041,5.183599999999999,7.8795,1
c:1628,Qik,acquired,1,1.8575,4.6027,15,4,14800000,3,3.9178,6.4301,2.25,CA,mobile,1,0,0,1,1,0,1,7.170261744739178,2.5123,2.7451999999999996,1
c:4453,EQAL,acquired,1,0.0411,3.1425,30,2,6875000,5,1.8466,4.4877,7.0,CA,web,1,0,1,0,0,0,1,6.837272765672402,2.6411000000000002,3.1014,1
c:16973,IonLogix Systems,closed,0,0.8712,0.8712,1,1,30000,0,,,1.0,TX,software,0,1,0,0,0,0,0,4.477135730961123,,0.0,0
c:47689,Atrica,closed,0,6.263,6.263,10,1,22200000,1,6.0055,6.0055,9.0,CA,public_relations,0,0,0,0,0,0,1,7.346352994013452,0.0,0.0,1
c:459,Socialthing,acquired,1,0.2055,0.4329,6,2,415000,2,0.4685,2.9507,1.0,CO,network_hosting,0,1,0,0,0,0,1,5.618049143203559,2.4821999999999997,0.22740000000000002,1
c:3094,Next New Networks,acquired,1,-0.1616,3.8329,16,4,27063781,4,3.0027,4.7014,3.5,NY,web,0,0,1,1,1,0,1,7.432388486532128,1.6986999999999997,3.9945,1
c:12468,AdECN,acquired,1,3.0877,3.0877,6,1,3100000,1,5.0027,5.0027,5.0,CA,advertising,0,0,1,0,0,0,1,6.491361833929244,0.0,0.0,1
c:856,Cuil,closed,0,2.1616,3.2877,13,2,33000000,4,3.4986,7.6904,2.5,CA,search,0,0,1,1,0,0,1,7.518513953038326,4.191800000000001,1.1261,1
c:16276,Sensory Networks,acquired,1,2.7753,5.0027,2,3,17400000,2,4.1644,10.7534,5.0,CA,web,1,0,0,0,1,0,1,7.240549273242052,6.5889999999999995,2.2274,1
c:410,Flock,acquired,1,0.0,3.3863,17,5,28300000,4,5.3973,8.7123,2.0,CA,web,0,1,1,1,1,1,1,7.451786450870385,3.3150000000000004,3.3863,1
c:726,AdMob,acquired,1,-0.2493,2.1644,42,4,46800000,6,1.411,6.537000000000001,2.5,CA,advertising,0,0,1,1,1,0,1,7.67024586235392,5.126000000000001,2.4137,1
c:8573,FeeFighters,acquired,1,1.3288,2.0301,5,3,1525000,2,2.0,2.0301,2.6667,IL,ecommerce,0,1,0,0,0,0,1,6.183270128465978,0.030100000000000016,0.7013,1
c:102867,WeHostels,acquired,1,0.3397,0.3397,9,1,1200000,3,0.5452,1.7151,5.0,NY,travel,0,1,0,0,0,0,1,6.079181607959542,1.1699000000000002,0.0,1
c:431,TimeBridge,acquired,1,0.1781,4.0301,6,3,12400000,4,3.674,7.2438,1.6667,CA,web,1,0,1,1,0,0,1,7.093421720185982,3.5698000000000003,3.852,1
c:60516,Lazarus Therapeutics,closed,0,4.5863,4.5863,1,1,100000,0,,,1.0,PA,biotech,1,0,0,0,0,0,1,5.000004342923105,,0.0,0
c:43832,Loyalty Lab,acquired,1,2.2219,7.3288,4,3,11000000,1,7.0055,7.0055,1.6667,CA,software,1,1,0,1,0,0,1,7.04139272463954,0.0,5.1068999999999996,1
c:83142,RentStuff.com,acquired,1,1.3397,2.2795,3,2,675000,1,1.0,1.0,1.5,TN,web,0,1,0,0,0,0,0,5.829304416229781,0.0,0.9398000000000002,1
c:9669,ZManda,acquired,1,0.0,2.3863,5,2,13000000,0,,,2.5,CA,software,0,0,1,1,0,0,1,7.113943385714103,,2.3863,0
c:62802,Jumo,acquired,1,0.7479,0.7479,5,1,3500000,2,1.0329,2.4986,2.0,NY,social,0,0,0,0,0,0,1,6.5440681684343955,1.4657000000000002,0.0,1
c:56568,Sionex,closed,0,4.9342,4.9342,2,1,12000000,1,0.0,0.0,4.0,MA,hardware,0,0,0,0,1,0,1,7.07918128223883,0.0,0.0,1
c:531,sezmi,acquired,1,0.5808,4.8521,10,5,78573646,4,0.9068,5.4164,4.3333,CA,games_video,0,0,1,1,1,0,1,7.8952769114141725,4.509600000000001,4.2713,1
c:10158,StudioNow,acquired,1,0.4521,6.0822,2,3,15286415,1,3.7425,3.7425,1.0,TN,photo_video,0,0,1,0,0,0,0,7.184305674171247,0.0,5.6301000000000005,1
c:11438,PicApp,acquired,1,0.7123,0.7123,5,1,3200000,3,1.5836,3.0027,1.0,CA,web,0,0,1,0,0,0,1,6.50515011403691,1.4191,0.0,1
c:75796,Million Dollar Earth,closed,0,0.0164,0.0164,1,1,30000,1,0.0,0.0,2.0,WA,advertising,0,1,0,0,0,0,0,4.477135730961123,0.0,0.0,1
c:45428,Composite Software,acquired,1,0.0,10.8192,28,3,14650003,1,9.5863,9.5863,1.0,CA,software,0,1,0,0,0,1,0,7.16583774326881,0.0,10.8192,1
c:16365,Terracotta,acquired,1,3.1589,5.6712,9,2,23500000,1,9.0055,9.0055,5.0,CA,software,1,0,0,1,0,0,1,7.371067880752352,0.0,2.5122999999999998,1
c:46889,FireStar Software,closed,0,5.0082,5.0082,2,1,980000,0,,,1.0,MA,software,0,0,0,0,0,0,0,5.991226518849904,,0.0,0
c:16264,Aquest Systems,closed,0,3.1562,3.1562,0,1,20000000,0,,,3.0,CA,hardware,0,0,0,1,0,0,1,7.301030017378705,,0.0,0
c:1253,Faves,closed,0,-0.9178,-0.9178,4,1,1500000,0,,,3.0,WA,web,0,0,0,0,0,0,0,6.176091548585239,,0.0,0
c:2838,Generate,acquired,1,4.1753,5.537000000000001,0,2,8000000,1,6.3836,6.3836,1.5,CA,games_video,0,0,1,0,0,0,1,6.903090041278751,0.0,1.3617000000000008,1
c:732,Attributor,acquired,1,0.326,4.6932,13,4,25200000,3,3.2548,4.6932,4.0,CA,software,0,0,1,1,1,1,1,7.401400558015451,1.4384000000000001,4.3672,1
c:1853,Greenplum Software,acquired,1,2.7507,4.589,21,4,61000000,2,7.9205,9.211,3.0,CA,software,0,0,1,1,1,0,1,7.7853298421303485,1.2905000000000006,1.8383000000000003,1
c:971,PlaySpan,acquired,1,1.337,4.3041,12,4,46300000,4,2.0822,5.8356,4.25,CA,games_video,1,0,1,1,1,0,1,7.665581000397964,3.7534000000000005,2.9671000000000003,1
c:1107,JackBe,acquired,1,4.0274,8.2712,15,4,24500000,5,5.811,11.0986,4.3333,MD,software,0,0,0,1,1,1,1,7.3891661020908375,5.287599999999999,4.2438,1
c:17252,D2C Games,closed,0,0.9863,1.6575,1,2,7500000,1,-1.3342,-1.3342,1.0,CA,games_video,0,0,1,0,0,0,0,6.875061321297627,0.0,0.6712,1
c:997,Zimbra,acquired,1,3.2493,3.2493,19,1,14500000,3,3.8356,7.8959,9.0,CA,enterprise,0,0,0,0,1,0,1,7.161368032186317,4.0603,0.0,1
c:30307,Smith & Tinker,closed,0,2.6493,2.6493,1,1,29000000,1,1.0,1.0,5.0,WA,games_video,1,0,0,0,0,0,1,7.462398012874628,0.0,0.0,1
c:16271,Mu Dynamics,acquired,1,0.0,3.3808,5,3,24000000,1,5.6795,5.6795,2.6667,CA,network_hosting,0,0,1,1,1,0,1,7.380211259807209,0.0,3.3808,1
c:22712,Fulcrum Microsystems,acquired,1,5.3562,10.2082,2,4,81017493,1,8.0055,8.0055,5.6667,CA,semiconductor,1,0,0,0,1,1,1,7.9085788056359725,0.0,4.851999999999999,1
c:9782,ReTel Technologies,acquired,1,1.8493,2.1726,4,2,1000000,3,2.1699,5.0822,4.5,CA,analytics,0,1,0,0,0,0,1,6.0000004342942646,2.9123,0.32330000000000014,1
c:68169,NexGen Storage,acquired,1,1.1014,1.8712,14,2,12010000,2,2.6466,2.6959,2.5,CO,software,1,0,1,0,0,0,1,7.0795430435639775,0.04930000000000012,0.7698,1
c:55354,WAY Systems,acquired,1,3.7562,3.7562,2,1,22000000,3,-1.0,8.674,4.0,MA,mobile,0,0,0,0,1,0,1,7.342422700562864,9.674,0.0,1
c:31488,Roxro Pharma,closed,0,8.4493,8.4493,1,1,42700000,0,,,3.0,CA,biotech,0,0,0,1,0,0,1,7.6304278851958545,,0.0,0
c:17542,Intelliden,acquired,1,5.9753,7.3918,5,3,80000000,1,4.0027,4.0027,4.0,CA,software,1,0,0,0,0,1,1,7.903089992420624,0.0,1.4165,1
c:44268,Forrst,acquired,1,1.1589,1.1589,3,1,205000,3,-0.0658,2.9616,7.0,CA,web,0,1,0,0,0,0,1,5.311755979560255,3.0273999999999996,0.0,1
c:51228,XGraph,acquired,1,1.7644,1.7644,5,1,3750000,2,0.0,3.0849,1.0,NY,analytics,0,0,1,0,0,0,1,6.574031383539565,3.0849,0.0,1
c:71852,Color Labs Inc.,closed,0,0.0,0.6411,11,2,41000000,2,1.5836,3.0685,1.5,CA,other,0,0,1,1,0,0,1,7.612783867312284,1.4848999999999999,0.6411,1
c:23125,Playdom,acquired,1,1.7781,2.3863,37,2,76000000,3,2.3123,4.6301,4.0,CA,games_video,0,0,1,0,0,0,1,7.880813597995193,2.3177999999999996,0.6081999999999999,1
c:37928,Digital Reef,acquired,1,0.0,2.7507,9,2,20000000,2,3.3315,5.2438,1.0,MA,enterprise,0,0,1,1,0,0,1,7.301030017378705,1.9123,2.7507,1
c:65916,Servio,acquired,1,1.2877,3.8521,11,2,9356180,4,1.3945,4.2356,1.5,CA,analytics,0,0,1,1,0,0,1,6.971098614862305,2.8411,2.5644,1
c:2245,Advaliant,closed,0,-9.0466,-9.0466,6,1,100000,2,-6.0466,-3.8822,1.0,NY,advertising,0,1,0,0,0,0,0,5.000004342923105,2.1643999999999997,0.0,1
c:16618,Vocalocity,acquired,1,2.0767,4.6603,9,2,13600000,2,4.5836,4.726,3.0,GA,software,0,0,0,1,1,0,1,7.133538940303634,0.1424000000000003,2.5836,1
c:1541,Dapper,acquired,1,1.1671,1.1671,19,1,3000000,4,1.926,4.0137,2.0,CA,advertising,0,0,1,0,0,0,1,6.477121399484465,2.0877,0.0,1
c:15687,SeeSaw Networks,closed,0,1.874,6.4767,4,5,21138876,0,,,2.0,CA,advertising,1,0,1,1,0,0,1,7.325081911748239,,4.6027000000000005,0
c:20889,oneforty,acquired,1,0.1945,0.7836,13,4,2345000,3,1.211,2.3836,5.75,MA,enterprise,0,1,1,0,0,0,1,6.370143032251268,1.1725999999999999,0.5891,1
c:2272,Smalltown,closed,0,0.7945,0.7945,7,1,4000000,4,2.0466,3.326,1.0,CA,web,0,0,1,0,0,0,0,6.6020600999015695,1.2793999999999999,0.0,1
c:5043,Skyrider,closed,0,3.811,5.1781,2,2,17000000,2,1.7507,3.589,3.0,CA,software,1,0,0,0,1,0,1,7.230448946925008,1.8383,1.3670999999999998,1
c:42193,SkillSlate,acquired,1,1.8,1.8,8,1,1100000,1,1.9151,1.9151,8.0,NY,web,0,1,0,0,0,0,1,6.041393079971211,0.0,0.0,1
c:60521,AwesomeTouch,acquired,1,-0.2384,0.8493,3,4,59700,1,0.9014,0.9014,1.0,KY,software,0,1,0,0,0,0,1,4.7759816056828805,0.0,1.0877000000000001,1
c:4881,Syncplicity,acquired,1,-0.0082,-0.0082,12,1,2350000,3,2.9726,3.7041,2.0,CA,enterprise,0,0,1,0,0,0,1,6.371068047077859,0.7315,0.0,1
c:7345,Fortisphere,closed,0,1.8822,1.8822,2,1,10000000,1,1.0,1.0,2.0,VA,software,0,0,1,0,0,0,1,7.000000043429446,0.0,0.0,1
c:103204,PlayerDuel,closed,0,0.6767,1.4493,2,2,21189,1,0.0,0.0,1.0,CA,mobile,1,1,0,0,0,0,1,4.326130956710794,0.0,0.7726000000000001,1
c:25743,Aveksa,acquired,1,2.4521,5.1562,7,3,28000000,2,7.6712,8.2219,2.6667,MA,software,0,0,1,1,1,0,1,7.447158046852736,0.5507,2.7041,1
c:55829,PANTA Systems,closed,0,3.3315,3.3315,0,1,9500000,0,,,2.0,CA,software,1,0,0,0,0,0,0,6.977723651004054,,0.0,0
c:26556,Beceem Communications,acquired,1,1.7479,5.5616,5,3,69600000,1,2.2548,2.2548,7.6667,CA,semiconductor,1,0,0,1,0,1,1,7.842609245850426,0.0,3.8137000000000003,1
c:29312,Trust Digital,acquired,1,2.6822,6.4164,11,3,23500000,2,2.8411,7.2356,3.6667,VA,mobile,1,0,0,1,1,0,1,7.371067880752352,4.3945,3.7342000000000004,1
c:3050,Sabrix,acquired,1,4.4712,4.4712,6,1,13000000,1,6.7534,6.7534,4.0,OR,software,0,0,0,0,0,1,1,7.113943385714103,0.0,0.0,1
c:2709,Panther Express,acquired,1,1.5616,3.1562,8,2,21750000,2,3.0,3.4959,2.0,NY,games_video,1,0,0,1,0,0,1,7.3374592812582184,0.4958999999999998,1.5946,1
c:53946,T-Networks,closed,0,5.1644,5.1644,0,1,5750000,0,,,4.0,PA,public_relations,0,0,0,0,1,0,1,6.7596679202190995,,0.0,0
c:28752,BlueNote Networks,acquired,1,0.7342,1.1753,1,2,23400000,1,0.1616,0.1616,2.5,ME,software,0,0,1,1,0,0,1,7.3692158759697355,0.0,0.44110000000000005,1
c:1148,Predictify,closed,0,1.0685,1.0685,4,1,4300000,3,0.8384,3.9918,2.0,CA,advertising,0,0,1,0,0,0,1,6.633468556578292,3.1534,0.0,1
c:1967,BreakingPoint Systems,acquired,1,2.2082,4.6521,1,2,20000000,1,-0.6548,-0.6548,2.0,TX,security,1,0,0,0,1,0,1,7.301030017378705,0.0,2.4438999999999997,1
c:27142,OptiMedica,acquired,1,4.2356,9.3616,16,2,51000000,1,5.0055,5.0055,3.5,CA,biotech,0,0,0,0,1,0,1,7.707570184613514,0.0,5.1259999999999994,1
c:42123,Metatomix,acquired,1,3.6877,10.137,2,4,27101994,1,3.0027,3.0027,4.6667,MA,enterprise,1,0,0,1,0,0,1,7.43300126082281,0.0,6.449300000000001,1
c:41656,Neterion,acquired,1,5.1507,5.1507,6,1,6480000,1,4.0027,4.0027,3.0,CA,public_relations,0,0,0,0,0,1,1,6.811575072891341,0.0,0.0,1
c:16145,Schooner Information Technology,acquired,1,0.4192,2.2329,8,2,35000000,2,2.2329,4.337,2.5,CA,enterprise,0,0,1,1,0,0,1,7.5440680567586895,2.1041,1.8136999999999999,1
c:6964,Swaptree Inc.,closed,0,-3.5068,0.3945,5,3,11300000,2,-0.937,0.0849,1.0,MA,web,1,0,0,1,1,0,1,7.053078481916558,1.0219,3.9013,1
c:155821,Nalace Corporation,closed,0,0.2986,0.2986,1,1,19000,1,0.2986,0.2986,1.0,GA,ecommerce,0,1,0,0,0,0,0,4.278776457955645,0.0,0.0,1
c:49052,Quidsi,acquired,1,1.6658,5.3014,27,6,78500000,3,5.8356,8.3534,3.4,NJ,ecommerce,0,0,1,1,1,1,1,7.894869662277666,2.5178000000000003,3.6356,1
c:167795,spotdock,closed,0,0.1534,0.1534,4,1,600000,0,,,2.0,NY,web,0,1,0,0,0,0,0,5.7781519742071765,,0.0,0
c:34152,Netcordia,acquired,1,5.4932,6.5836,3,2,13000000,1,6.7534,6.7534,1.5,MD,network_hosting,0,0,1,1,0,0,1,7.113943385714103,0.0,1.0903999999999998,1
c:3027,SearchMe,closed,0,0.0,2.8356,7,5,43600000,3,2.9205,4.3096,3.0,CA,search,0,0,1,1,1,1,1,7.639486499229468,1.3890999999999996,2.8356,1
c:10176,Yammer,acquired,1,0.3589,3.4712,38,5,142000000,3,3.3397,5.1918,5.2,CA,enterprise,0,0,1,1,1,1,1,8.152288347441468,1.8520999999999996,3.1123000000000003,1
c:50076,Clever Sense,acquired,1,2.1836,3.3068,6,2,2000000,2,2.7260000000000004,3.5425,1.5,CA,web,1,0,1,0,0,0,1,6.301030212811168,0.8164999999999996,1.1231999999999998,1
c:26122,AlterPoint,acquired,1,2.0,4.0466,4,3,26800000,1,6.0027,6.0027,3.0,TX,software,0,0,1,1,1,0,1,7.428134810233806,0.0,2.0465999999999998,1
c:17501,Shocking Technologies,closed,0,1.2904,6.3889999999999985,2,6,55900000,1,0.0,0.0,3.2,CA,hardware,1,0,1,1,1,0,1,7.747411815655555,0.0,5.0985999999999985,1
c:1613,Ribbit,acquired,1,1.6027,2.8137,14,2,11000000,3,3.4301,7.411,2.0,CA,mobile,0,0,1,1,0,0,1,7.04139272463954,3.9808999999999997,1.2109999999999999,1
c:41484,StorSimple,acquired,1,0.4137,2.474,19,3,31500000,1,3.0,3.0,3.3333,CA,enterprise,0,0,1,1,1,0,1,7.498310567576727,0.0,2.0603000000000002,1
c:76102,NationalField,acquired,1,3.3863,3.3863,4,1,1500000,2,-0.0301,4.4274,2.0,DC,enterprise,1,0,0,0,0,0,0,6.176091548585239,4.4575,0.0,1
c:76765,Tripl,closed,0,0.0082,1.1479,5,3,900000,3,-0.0219,1.2274,1.5,NY,social,0,1,0,0,0,0,1,5.954242991988481,1.2493,1.1397,1
c:24986,Sadra Medical,acquired,1,1.4603,6.3918,4,3,58000000,1,6.4192,6.4192,5.0,CA,biotech,0,0,1,1,1,0,1,7.763428001050773,0.0,4.9315,1
c:14593,expressor software,acquired,1,0.4959,4.9671,10,4,29050000,2,1.0,4.5123,2.6667,MA,software,1,0,0,1,0,0,1,7.463146151676245,3.5122999999999998,4.4712000000000005,1
c:138030,NSFW Corporation,acquired,1,0.7589,2.4521,3,2,250000,2,2.1644,2.9014,1.5,NV,news,0,1,0,0,0,0,1,5.397941745846491,0.7370000000000001,1.6932,1
c:45339,Azaire Networks,closed,0,3.6493,3.6493,2,1,21000000,0,,,4.0,CA,software,0,0,0,0,1,0,1,7.322219315414609,,0.0,0
c:1214,Quigo,acquired,1,4.1671,7.4356,25,2,35000000,0,,,3.5,NY,advertising,1,0,1,0,0,0,1,7.5440680567586895,,3.2685000000000004,0
c:63731,Weatherista,closed,0,-0.0027,-0.0027,2,1,500000,1,0.0356,0.0356,1.0,CA,web,0,1,0,0,0,0,0,5.698970872924114,0.0,0.0,1
c:47848,Navini Networks,acquired,1,5.6110000000000015,6.474,3,2,30920000,1,4.0027,4.0027,3.5,TX,public_relations,1,0,0,0,0,0,1,7.490239499292033,0.0,0.8629999999999987,1
c:5347,VirtualLogix,acquired,1,2.0,8.0356,9,4,29288979,1,6.5863,6.5863,2.6667,CA,software,1,0,1,1,1,0,1,7.466704247472485,0.0,6.0356000000000005,1
c:14993,Exit41,closed,0,8.0986,12.3671,11,4,24200000,2,11.8411,12.0548,2.3333,MA,software,1,0,1,0,1,0,1,7.383815383926484,0.21369999999999933,4.268500000000001,1
c:1223,SezWho,acquired,1,1.0,1.0,4,1,1000000,3,1.2521,5.2548,1.0,CA,web,0,0,1,0,0,0,0,6.0000004342942646,4.002700000000001,0.0,1
c:55421,Jobs2Web,acquired,1,1.0,3.0575,3,2,5550000,1,5.4192,5.4192,1.0,MN,web,0,1,1,0,0,0,1,6.744293061373927,0.0,2.0575,1
c:28403,HighlightCam,closed,0,-0.1534,2.3425,8,2,3000000,3,0.063,1.5836,3.5,CA,mobile,0,1,1,0,0,0,1,6.477121399484465,1.5206,2.4959,1
c:1283,MerchantCircle,acquired,1,0.6767,1.9178,13,2,14300000,3,4.9781,6.6548,4.5,CA,web,0,0,1,1,0,0,1,7.155336067835305,1.6766999999999994,1.2410999999999999,1
c:49621,Helicomm,closed,0,4.2192,4.2192,0,1,1000000,0,,,2.0,CA,network_hosting,1,0,0,0,0,0,0,6.0000004342942646,,0.0,0
c:15122,Kace networks,acquired,1,2.5644,3.389,7,2,11000000,1,8.1452,8.1452,1.5,CA,software,1,0,0,1,0,0,1,7.04139272463954,0.0,0.8245999999999998,1
c:38019,Thwapr,closed,0,2.0027,3.0027,7,2,2000000,3,2.0877,4.0685,3.0,NY,photo_video,1,1,0,0,0,0,0,6.301030212811168,1.9808000000000003,1.0,1
c:4961,Zinch,acquired,1,0.8301,2.7178,17,2,5000000,2,4.2466,4.7918,1.0,CA,web,1,1,0,0,0,0,1,6.698970091194907,0.5452000000000004,1.8877000000000002,1
c:41483,Cloud.com,acquired,1,2.0027,2.0027,12,1,11000000,2,3.6603,4.0795,3.0,CA,enterprise,0,0,0,1,0,0,1,7.04139272463954,0.41920000000000046,0.0,1
c:12348,"Wildfire, a division of Google",acquired,1,0.4192,3.4192,19,4,14100000,4,3.6027,4.8521,2.25,CA,enterprise,0,1,1,1,0,0,1,7.149219143456406,1.2494,3.0,1
c:3202,Authenticlick,closed,0,0.4932,0.4932,8,1,5000000,1,2.2411,2.2411,1.0,CA,search,0,0,1,0,0,0,0,6.698970091194907,0.0,0.0,1
c:32144,Idooble,closed,0,0.0,1.5808,1,2,400000,1,-0.1671,-0.1671,1.0,WA,web,0,1,0,0,0,0,0,5.60206107706281,0.0,1.5808,1
c:32023,BioSeek,acquired,1,7.3945,7.3945,4,1,10000000,1,4.0027,4.0027,1.0,CA,biotech,0,0,0,0,1,0,0,7.000000043429446,0.0,0.0,1
c:1445,xkoto,closed,0,0.8329,4.0712,3,3,11035000,1,2.0,2.0,1.6667,MA,software,1,0,0,1,1,0,1,7.0427723768537644,0.0,3.2383,1
c:53686,Coradiant,acquired,1,5.6438,5.6438,9,1,12700000,2,8.0055,11.3288,4.0,MA,public_relations,0,0,0,0,0,1,1,7.103803755152372,3.3232999999999997,0.0,1
c:50208,QuantaLife,acquired,1,2.9507,3.5562,3,2,20757182,1,0.0,0.0,1.0,CA,biotech,0,0,0,1,0,0,1,7.317168414177993,0.0,0.6055000000000001,1
c:16874,BroadLight,acquired,1,5.4658,7.2822,5,3,27000000,1,10.5918,10.5918,6.0,CA,software,0,0,0,0,0,1,1,7.431363780243968,0.0,1.8163999999999998,1
c:643,BBE,acquired,1,3.7534,3.7534,7,1,10000000,3,5.5425,6.7562,1.0,NY,advertising,0,0,1,0,0,0,0,7.000000043429446,1.2136999999999993,0.0,1
c:53471,TelASIC Communications,closed,0,4.2219,4.2219,4,1,26000000,0,,,4.0,CA,public_relations,0,0,0,0,0,1,1,7.414973364674451,,0.0,0
c:37780,LegiTime Technologies,closed,0,2.1616,4.9562,2,2,4000000,0,,,2.0,CT,messaging,0,0,1,0,0,0,1,6.6020600999015695,,2.7946,0
c:17508,Mobius Microsystems,acquired,1,2.0849,3.9425,3,2,20220000,1,-3.0,-3.0,3.0,CA,hardware,0,0,1,1,0,0,1,7.305781172733443,0.0,1.8575999999999997,1
c:2804,Boonty,acquired,1,4.3534,4.3534,7,1,10000000,3,6.1699,9.0904,4.0,NY,games_video,0,0,0,1,0,0,1,7.000000043429446,2.9205000000000005,0.0,1
c:11397,B-Side Entertainment,closed,0,1.5123,3.6082,8,2,7350000,3,1.3178,4.1589,4.5,NY,games_video,0,0,1,1,0,0,1,6.866287398171876,2.8411,2.0959000000000003,1
c:41409,Taggstr,closed,0,0.7671,0.7671,1,1,50000,1,0.0,0.0,1.0,CA,messaging,0,1,0,0,0,0,0,4.698978690138799,0.0,0.0,1
c:55436,Fashism,closed,0,1.8822,1.8822,5,1,1000000,3,1.6603,3.0247,7.0,NY,fashion,0,0,1,0,0,0,1,6.0000004342942646,1.3644,0.0,1
c:12630,Goodmail Systems,closed,0,2.7945,6.0356,16,4,45000000,2,7.5014,8.0055,2.0,CA,security,0,0,1,1,1,0,1,7.653212523426332,0.5040999999999993,3.2410999999999994,1
c:365,Nirvanix,closed,0,0.2164,4.8438,22,5,70000000,5,0.2164,6.2466,4.2,CA,enterprise,1,0,1,1,1,0,1,7.845098046218464,6.0302,4.6274,1
c:20832,LookStat,closed,0,1.3096,1.3096,3,1,500000,2,1.0027,1.3096,1.0,WA,ecommerce,0,0,1,0,0,0,1,5.698970872924114,0.3069000000000002,0.0,1
c:39399,Sweepery,closed,0,0.0849,1.3342,6,2,500000,0,,,1.0,CA,software,0,0,0,0,0,0,1,5.698970872924114,,1.2493,0
c:17809,Luminary Micro,acquired,1,1.0877,3.6438,2,3,44000000,1,3.4986,3.4986,4.0,TX,semiconductor,0,0,1,1,1,0,1,7.643452686356516,0.0,2.5561000000000003,1
c:23788,ZettaCore,closed,0,10.3644,10.3644,4,1,21000000,1,5.8384,5.8384,5.0,CO,semiconductor,1,0,0,0,0,0,1,7.322219315414609,0.0,0.0,1
c:30834,Clicker,acquired,1,0.7041,1.1315,12,2,19000000,2,1.4493,2.2055,3.5,CA,games_video,0,0,1,1,0,0,1,7.278753623810433,0.7561999999999998,0.4274,1
c:39105,iKoa,closed,0,1.4247,4.5397,0,3,18700000,0,,,2.0,CA,semiconductor,1,0,1,0,0,0,1,7.271841629760802,,3.1149999999999998,0
c:49960,SocialShield,acquired,1,1.0932,1.0932,6,1,10000000,2,1.6137,2.1671,7.0,CA,software,0,0,1,0,0,0,1,7.000000043429446,0.5534000000000001,0.0,1
c:9106,LeisureLogix,closed,0,0.4192,0.4192,5,3,5900000,0,,,1.0,FL,software,0,1,0,0,0,0,0,6.770852085251372,,0.0,0
c:17581,Storwize,acquired,1,3.4301,4.2548,13,2,28000000,2,6.0055,6.4219,2.0,MA,other,0,0,0,1,1,0,1,7.447158046852736,0.4164000000000003,0.8247000000000004,1
c:14028,AutoVirt,closed,0,0.0,4.3945,5,7,24300000,2,3.1534,4.3945,2.0,NH,software,1,1,1,1,0,0,1,7.385606291470513,1.2410999999999999,4.3945,1
c:1309,Loopt,acquired,1,0.4137,5.3370000000000015,21,4,32006000,3,5.5205,7.189,1.6667,CA,mobile,0,1,1,1,1,0,1,7.505231414471292,1.6684999999999999,4.923300000000001,1
c:28420,Blue Lane Technologies,acquired,1,3.0877,3.0877,4,1,13400000,1,1.0,1.0,2.0,CA,public_relations,0,0,0,1,0,0,1,7.127104830774843,0.0,0.0,1
c:6562,Socialcast,acquired,1,3.8493,4.8329,18,3,9400000,3,4.9644,7.2575,1.5,CA,enterprise,0,1,1,1,0,0,1,6.973127899801237,2.2931,0.9836000000000005,1
c:4394,Collective Intellect,acquired,1,1.0849,7.937,10,6,15324624,3,3.0,7.4301,2.5,CO,enterprise,1,1,1,1,0,0,1,7.185389855952389,4.4301,6.8521,1
c:52346,Wavii,acquired,1,1.3342,1.3342,3,1,2000000,2,2.3726,4.1562,11.0,WA,web,0,0,0,0,0,0,1,6.301030212811168,1.7836000000000003,0.0,1
c:200,Seesmic,acquired,1,0.4192,3.674,24,3,16000000,4,0.8932,5.2767,5.6667,CA,web,0,0,1,1,1,0,1,7.204120009799329,4.3835,3.2548,1
c:36892,Apnex Medical,closed,0,3.9205,6.7342,3,3,44000000,0,,,2.3333,MN,medical,1,0,0,1,1,0,1,7.643452686356516,,2.8137000000000003,0
c:139729,MobileReactor,closed,0,1.811,2.4548,2,2,1175000,1,0.7479,0.7479,1.0,PA,software,1,0,0,0,0,0,0,6.070038236219923,0.0,0.6438000000000001,1
c:17724,Echopass Corporation,acquired,1,6.8329,10.2712,22,2,9000000,1,13.011,13.011,4.0,CA,network_hosting,0,0,0,0,0,0,1,6.954242557694265,0.0,3.4383,1
c:16285,ID Analytics,acquired,1,0.3288,5.3726,9,3,35150000,1,9.0055,9.0055,3.0,CA,web,0,0,1,1,1,0,1,7.545925341711304,0.0,5.0438,1
c:43954,Vela Systems,acquired,1,1.3288,5.6712,4,3,12000000,2,2.4959,5.6712,2.6667,MA,software,1,0,1,1,0,0,1,7.07918128223883,3.1753,4.3424,1
c:27555,FlowCardia,acquired,1,5.6629999999999985,5.6629999999999985,4,1,30000000,1,5.0027,5.0027,9.0,CA,biotech,0,0,0,0,1,0,1,7.477121269196145,0.0,0.0,1
c:18804,Bizanga,acquired,1,6.1342,6.1342,5,1,8000000,1,7.1726,7.1726,2.0,CA,security,0,0,0,1,0,0,1,6.903090041278751,0.0,0.0,1
c:14787,Transpond,acquired,1,2.0959,2.0959,6,1,4100000,3,2.2822,3.1699,2.0,CA,advertising,0,0,1,0,0,0,1,6.612783962645206,0.8877000000000002,0.0,1
c:81474,Caterva,closed,0,1.9562,3.5123,1,2,2408500,1,3.4986,3.4986,3.0,IL,social,0,1,0,0,0,0,1,6.381746830967826,0.0,1.5561000000000003,1
c:34401,Innovative Silicon,closed,0,2.1644,5.8493,3,4,72000000,1,6.0027,6.0027,2.25,CA,other,0,0,1,1,1,0,1,7.857332502463136,0.0,3.6849000000000003,1
c:37934,Kardia Health Systems,closed,0,1.0,2.0,2,2,18400000,1,3.2493,3.2493,1.0,MN,enterprise,1,0,0,0,0,0,0,7.264817846612496,0.0,1.0,1
c:25383,Biolex Therapeutics,closed,0,8.0219,14.9726,4,7,162264126,1,4.0027,4.0027,6.75,NC,biotech,1,0,0,1,1,1,1,8.210222517559089,0.0,6.950699999999999,1
c:49872,Foldrx Pharmaceuticals,acquired,1,7.4575,7.4575,7,1,29000000,1,5.5863,5.5863,7.0,MA,biotech,1,0,0,0,0,0,1,7.462398012874628,0.0,0.0,1
c:58560,Klir Technologies,closed,0,5.4247,5.4247,0,1,8700000,0,,,2.0,WA,network_hosting,0,0,1,0,0,0,1,6.939519302537522,,0.0,0
c:7666,MetaCarta,acquired,1,4.6877,4.6877,12,1,10000000,2,4.1644,9.274,7.0,MA,mobile,0,0,0,0,1,0,1,7.000000043429446,5.1095999999999995,0.0,1
c:19670,Viridity Software,acquired,1,0.9178,2.6329,5,2,15000000,2,2.9534,3.9699,2.0,MA,software,0,0,1,1,0,0,1,7.176091288008646,1.0165000000000002,1.7150999999999998,1
c:35148,Devtap,closed,0,0.6685,0.6685,2,1,2600000,1,0.0,0.0,1.0,CA,search,0,0,0,0,0,0,0,6.414973515007125,0.0,0.0,1
c:142,Bebo,acquired,1,1.3151,1.3151,30,1,15000000,3,6.4658,8.8411,1.0,CA,web,0,0,1,0,0,0,1,7.176091288008646,2.375300000000001,0.0,1
c:101312,SideTour,acquired,1,0.0822,1.8164,7,3,4000000,2,1.0849,2.3014,2.0,NY,web,0,1,1,0,0,0,1,6.6020600999015695,1.2165000000000001,1.7342,1
c:46168,SARcode Bioscience,acquired,1,0.9151,5.5452,9,2,73000000,1,5.0027,5.0027,3.0,CA,biotech,1,0,0,1,0,0,1,7.863322866069695,0.0,4.6301000000000005,1
c:78868,Lore,acquired,1,0.3233,1.0986,5,4,12123837,3,0.8411,2.0411,4.6667,NY,education,0,1,1,0,0,0,1,7.083640124645757,1.2000000000000002,0.7753000000000001,1
c:1236,Pelago,acquired,1,0.9178,2.4877,18,3,22400000,3,2.5808,5.3808,3.3333,WA,mobile,1,0,1,1,0,0,1,7.3502480377223085,2.8,1.5698999999999999,1
c:33949,Desk,acquired,1,1.2849,2.0082,12,2,5700000,3,2.1616,3.4438,4.0,CA,enterprise,0,0,1,1,0,0,1,6.755874931864499,1.2822,0.7233,1
c:35433,Trinity Biosystems,closed,0,4.5452,7.8603,2,2,28500000,0,,,4.5,CA,biotech,1,0,0,1,0,0,1,7.454844875246913,,3.3150999999999993,0
c:17774,Virtual Computer,acquired,1,0.9151,2.0712,9,2,21000000,1,2.0027,2.0027,2.5,MA,software,0,0,1,1,0,0,1,7.322219315414609,0.0,1.1561000000000001,1
c:44064,Oasys Mobile,closed,0,21.8959,21.8959,1,1,8000000,1,24.6849,24.6849,2.0,NC,software,1,0,0,0,0,0,0,6.903090041278751,0.0,0.0,1
c:6171,Gamook,closed,0,0.2055,0.2055,1,1,1500000,1,0.1644,0.1644,1.0,CA,games_video,0,0,1,0,0,0,1,6.176091548585239,0.0,0.0,1
c:637,Quattro Wireless,acquired,1,0.5808,2.4603,17,3,28300000,4,2.5014,5.0932,1.6667,MA,advertising,0,0,1,1,1,0,1,7.451786450870385,2.5918000000000005,1.8795000000000002,1
c:30343,ShopWell,acquired,1,2.1452,4.9726,4,5,7939553,2,2.3671,2.7123,2.0,CA,web,1,0,0,1,0,0,1,6.899796106862967,0.34519999999999973,2.8274,1
c:36276,NewsBasis,closed,0,0.8329,0.8329,3,1,545000,0,,,2.0,CA,public_relations,0,1,0,0,0,0,1,5.73639729914652,,0.0,0
c:36310,Nexx Systems,acquired,1,4.7452,8.9562,10,3,15247925,1,5.0027,5.0027,1.5,MA,semiconductor,0,0,0,0,1,1,1,7.183210775616546,0.0,4.211000000000001,1
c:835,5min Media,acquired,1,0.2466,2.5589,11,3,12800000,2,2.0027,4.7781,1.5,NY,games_video,0,1,1,1,0,0,1,7.107210003577124,2.7754000000000003,2.3123,1
c:46863,MyCabbage,closed,0,1.063,2.4822,1,2,950000,2,0.0,1.3068,3.0,IL,mobile,1,0,1,0,0,0,1,5.977724062440694,1.3068,1.4192000000000002,1
c:179,Gotuit,acquired,1,2.9178,4.9205,6,2,16000000,5,2.0027,12.5096,1.0,MA,web,0,0,1,1,0,0,1,7.204120009799329,10.506900000000002,2.0026999999999995,1
c:16784,TeleCIS Wireless,acquired,1,6.0055,6.0055,2,1,10000000,1,6.0055,6.0055,1.0,CA,semiconductor,0,0,0,0,1,0,1,7.000000043429446,0.0,0.0,1
c:72750,Snapette,acquired,1,0.7781,0.7781,5,1,1500000,3,0.3397,2.4877,1.0,NY,fashion,0,0,0,0,0,0,0,6.176091548585239,2.1479999999999997,0.0,1
c:40152,EmSense,closed,0,5.8438,6.9452,6,2,13000000,2,5.9205,6.3808,2.0,CA,hardware,1,0,0,0,1,0,1,7.113943385714103,0.46030000000000015,1.1014,1
c:54077,MakerBot,acquired,1,2.6411,2.6411,6,1,10000000,2,4.0959,4.926,6.0,NY,hardware,1,0,0,0,0,0,1,7.000000043429446,0.8300999999999998,0.0,1
c:10452,Image Space Media,acquired,1,2.0521,2.9973,9,2,3915000,2,2.0027,3.8137,3.0,NY,advertising,1,0,1,0,0,0,1,6.59273187732485,1.811,0.9452000000000003,1
c:55427,Wanderfly,acquired,1,0.0,1.5041,7,2,1400000,2,1.5808,3.1726,6.0,NY,travel,0,1,1,0,0,0,1,6.146128345888472,1.5918,1.5041,1
c:195311,walkby,closed,0,0.0,0.6904,6,2,650000,2,0.0,0.6904,1.0,IL,ecommerce,1,1,0,0,0,0,1,5.812914024787698,0.6904,0.6904,1
c:2497,FameCast,closed,0,0.4137,3.2438,5,3,9700000,4,0.4137,6.8,1.0,TX,games_video,1,0,1,0,0,0,1,6.98677177903887,6.386299999999999,2.8301,1
c:13465,Cassatt,acquired,1,3.1644,3.1644,6,1,15000000,1,2.0027,2.0027,3.0,CA,software,0,0,0,0,0,1,1,7.176091288008646,0.0,0.0,1
c:17983,VirtuOz,acquired,1,3.7753,10.2548,18,4,38764000,3,10.0301,11.0329,2.0,CA,enterprise,1,0,1,1,0,0,1,7.588428596101787,1.0028000000000006,6.4795,1
c:12099,SolFocus,closed,0,0.3288,6.4192,6,8,211403000,2,1.1671,4.989,2.7143,CA,cleantech,1,0,1,1,1,0,1,8.325111148101442,3.8219,6.0904,1
c:51239,Nimbula,acquired,1,2.4767,2.6438,8,2,20750000,3,3.4164,5.2,2.0,CA,enterprise,0,0,1,1,0,0,1,7.3170181219779655,1.7836000000000003,0.16710000000000003,1
c:74743,Giftiki,acquired,1,1.2493,1.8849,4,2,1020000,2,2.2521,3.2219,2.5,CA,social,0,1,1,0,0,0,1,6.008600597540613,0.9698000000000002,0.6355999999999999,1
c:36192,Storspeed,closed,0,0.4301,0.4301,6,1,13000000,1,2.0027,2.0027,4.0,TX,software,0,0,1,0,0,0,1,7.113943385714103,0.0,0.0,1
c:20313,SpaBooker,acquired,1,0.1671,3.9178,8,2,14700000,2,0.0,2.9178,4.0,NY,software,0,1,1,0,0,0,1,7.167317364292018,2.9178,3.7507,1
c:60,Jajah,acquired,1,1.1616,4.1644,19,4,33000000,4,3.0,8.9205,1.3333,CA,mobile,0,0,1,1,1,1,1,7.518513953038326,5.9205000000000005,3.0027999999999997,1
c:50092,Baxano,acquired,1,5.4767,5.4767,5,1,30000000,0,,,6.0,CA,medical,0,0,0,0,1,0,1,7.477121269196145,,0.0,0
c:1637,RipCode,closed,0,0.2384,3.7644,10,4,33000000,3,2.4192,3.8795,4.0,TX,software,0,0,1,1,1,0,1,7.518513953038326,1.4603000000000002,3.5260000000000002,1
c:144631,VeteranCentral.com,closed,0,-0.5014,-0.5014,1,1,150000,0,,,1.0,DC,social,0,1,0,0,0,0,0,5.176094154342576,,0.0,0
c:56478,RippleFunction,closed,0,0.1671,0.1671,3,1,20000,1,0.5863,0.5863,1.0,MA,advertising,0,1,0,0,0,0,0,4.301051709845226,0.0,0.0,1
c:131583,CV Ingenuity,closed,0,3.7589,5.0685,2,3,30926154,0,,,3.0,CA,medical,0,0,0,1,0,0,1,7.490325928212545,,1.3096,0
c:146596,AdexLink,closed,0,0.8164,0.8164,0,1,2000000,0,,,1.0,CA,advertising,0,0,0,0,0,0,0,6.301030212811168,,0.0,0
c:42163,Certeon,closed,0,4.5397,9.337,2,2,19000000,1,2.0027,2.0027,3.5,MA,software,1,0,0,1,0,0,1,7.278753623810433,0.0,4.7973,1
c:16111,Applied Identity,closed,0,3.0356,6.7534,2,3,33000000,1,4.0027,4.0027,4.0,CA,advertising,0,0,1,1,1,0,1,7.518513953038326,0.0,3.7178,1
c:24274,Prenova,acquired,1,4.3562,6.3151,1,3,15650000,1,4.0027,4.0027,1.3333,GA,cleantech,1,0,0,0,0,0,1,7.194514369632913,0.0,1.9588999999999999,1
c:763,WooMe,acquired,1,6.3342,7.5342,8,3,17400000,3,7.1726,10.9315,2.3333,CA,web,0,0,1,1,0,0,1,7.240549273242052,3.7588999999999997,1.2000000000000002,1
c:79089,HelpMeRent.com,closed,0,0.8329,0.8329,5,1,154000,2,-0.1671,1.189,1.0,CA,real_estate,0,1,0,0,0,0,0,5.187523540921346,1.3561,0.0,1
c:43480,Mail.com Media Corporation,closed,0,4.8082,4.8082,4,1,35000000,2,6.6027,6.7233,3.0,CA,web,0,0,0,0,0,1,1,7.5440680567586895,0.12060000000000048,0.0,1
c:12224,DubMeNow,closed,0,0.5836,4.4301,5,4,7516703,3,1.2521,2.1452,1.0,VA,mobile,1,1,0,0,0,0,0,6.876027448516986,0.8931,3.8465000000000003,1
c:54488,Smooth-Stone,closed,0,2.6247,2.6247,1,1,48000000,3,2.874,4.3014,5.0,TX,cleantech,1,0,0,0,0,0,1,7.681241246423389,1.4274,0.0,1
c:16181,ONStor,acquired,1,5.4219,8.3014,6,3,65800000,1,8.0055,8.0055,4.6667,CA,network_hosting,1,0,0,0,0,1,1,7.818225900214175,0.0,2.8794999999999993,1
c:173118,Relationship Analytics,closed,0,0.6767,0.789,2,2,125000,1,0.0,0.0,1.0,NJ,analytics,0,1,0,0,0,0,0,5.096913487350014,0.0,0.11230000000000007,1
c:1607,Summize,acquired,1,0.5808,0.5808,5,1,750000,3,-0.5041,3.8301,2.0,VA,search,0,1,0,0,0,0,1,5.875061842450624,4.3342,0.0,1
c:78759,JouleX,acquired,1,2.4384,2.4384,10,1,17000000,2,2.3288,2.4384,5.0,GA,enterprise,1,0,0,0,0,0,1,7.230448946925008,0.10959999999999992,0.0,1
c:3562,Etelos,closed,0,10.4247,13.0877,4,3,4087500,3,8.9808,12.7233,1.0,CA,enterprise,1,1,0,0,0,0,0,6.611457871917744,3.7424999999999997,2.6630000000000003,1
c:38655,Make It Work,closed,0,10.8795,10.8795,3,1,1000000,1,15.4986,15.4986,2.0,CA,hardware,0,0,1,0,0,0,1,6.0000004342942646,0.0,0.0,1
c:52406,MapMyFitness,acquired,1,-0.1041,6.3644,13,5,23500000,3,5.4822,6.7699,1.75,TX,health,1,0,1,1,1,0,1,7.371067880752352,1.2877,6.4685,1
c:2178,What They Like,closed,0,0.0,0.0,2,1,990000,0,,,2.0,CA,web,0,0,1,0,0,0,0,5.995635633278623,,0.0,0
c:10864,FetchBack,acquired,1,0.7534,0.7534,13,1,1000000,2,3.1699,4.6247,3.0,AZ,advertising,0,0,1,0,0,0,1,6.0000004342942646,1.4547999999999996,0.0,1
c:934,Sermo,acquired,1,0.6658,5.1315,15,4,41000000,2,2.7479,6.0027,1.75,MA,health,1,0,1,1,1,0,1,7.612783867312284,3.2548,4.4657,1
c:23251,Wi-Chi,closed,0,0.3699,0.3699,3,1,7000000,0,,,1.0,OR,semiconductor,0,0,1,0,0,0,1,6.845098102056321,,0.0,0
c:25600,Alnara Pharmaceuticals,acquired,1,0.8301,2.0767,4,2,55000000,1,1.0027,1.0027,2.0,MA,biotech,0,0,1,1,0,0,1,7.740362697390507,0.0,1.2466000000000004,1
c:46943,Braintree,acquired,1,3.7452,4.9671,10,2,69000000,2,4.6822,4.8384,3.5,CA,software,0,0,1,1,0,0,1,7.838849097031378,0.15620000000000012,1.2219000000000002,1
c:15829,Virident Systems,acquired,1,1.3288,7.0795,25,8,129677153,3,4.874,7.0055,3.0,CA,enterprise,1,0,1,1,1,1,1,8.112863470566102,2.1315,5.7507,1
c:25737,Pearl Therapeutics,acquired,1,2.5041,7.2521,4,6,232000100,0,,,3.6667,CA,biotech,0,0,1,0,1,1,1,8.365488173958715,,4.748,0
c:28483,Lexity,acquired,1,0.0849,1.5863,5,2,5700000,3,2.1151,4.0,4.0,CA,enterprise,0,1,1,0,0,0,1,6.755874931864499,1.8849,1.5014,1
c:21040,Diligent Technologies,acquired,1,5.6384,5.6384,3,1,10500000,1,4.2493,4.2493,4.0,MA,security,0,0,0,0,0,1,1,7.021189340431316,0.0,0.0,1
c:15458,eBillme,closed,0,1.9699,3.9205,2,2,23000000,0,,,3.0,NY,ecommerce,1,0,0,0,0,0,1,7.361727854899962,,1.9506000000000001,0
c:1590,Smilebox,acquired,1,5.4329,9.4959,13,3,14000000,0,,,3.0,WA,photo_video,0,0,1,1,0,0,1,7.146128066699271,,4.063000000000001,0
c:5988,B-hive Networks,acquired,1,1.6466,1.6466,4,2,7500000,0,,,2.0,CA,software,0,1,1,0,0,0,1,6.875061321297627,,0.0,0
c:34549,Hot Potato,acquired,1,0.8986,0.8986,12,1,1420000,3,0.4137,1.6329,16.0,NY,social,0,0,1,0,0,0,1,6.152288650224134,1.2192,0.0,1
c:19538,Kashless,closed,0,0.1589,2.4274,1,2,9000000,2,-0.1699,2.2137,1.0,WA,ecommerce,1,0,1,0,0,0,1,6.954242557694265,2.3836,2.2685,1
c:29605,Three Screen Games,closed,0,0.7644,0.7644,3,1,500000,0,,,1.0,PA,games_video,1,0,0,0,0,0,1,5.698970872924114,,0.0,0
c:148139,LaunchGram,acquired,1,0.0356,0.726,4,2,70000,2,0.474,0.9205,1.0,CA,news,0,1,0,0,0,0,1,4.8451042441768255,0.4465,0.6904,1
c:904,BrightQube,closed,0,0.5808,1.6548,3,2,850000,0,,,1.0,CA,ecommerce,0,1,1,0,0,0,1,5.9294194366486765,,1.074,0
c:64694,ServiceMesh,acquired,1,3.8767,3.8767,9,1,15000000,2,3.0027,5.8329,1.0,CA,enterprise,1,0,0,0,0,0,1,7.176091288008646,2.8302000000000005,0.0,1
c:1923,Lookery,acquired,1,0.5205,1.0959,12,2,3150000,2,0.2521,2.0575,11.5,CA,web,0,1,1,0,0,0,1,6.498310691660842,1.8054000000000001,0.5754000000000001,1
c:152560,Wantful,closed,0,1.2164,1.2164,6,1,5500000,2,1.4164,2.6822,8.0,CA,ecommerce,0,0,1,0,0,0,1,6.74036276845687,1.2657999999999998,0.0,1
c:71639,Zep Solar,acquired,1,4.8877,4.8877,8,1,10571182,1,3.2877,3.2877,1.0,CA,cleantech,0,0,1,0,0,0,0,7.024123591056103,0.0,0.0,1
c:65601,Help Me Rent Magazine,closed,0,0.5808,0.5808,13,1,500000,0,,,1.0,CA,real_estate,0,1,0,0,0,0,0,5.698970872924114,,0.0,0
c:2351,MOG,acquired,1,0.9233,4.7425,12,7,24900000,3,0.6712,7.7671,3.0,CA,music,1,1,1,0,0,0,1,7.396199364537281,7.0959,3.8191999999999995,1
c:6854,Loud3r,closed,0,1.7616,2.326,12,2,3529175,3,0.8767,3.0274,1.0,CA,web,1,0,1,0,0,0,0,6.547673317164972,2.1507,0.5644,1
c:25306,Oyster.com,acquired,1,0.0,4.6164,15,4,23400000,3,3.2904,5.2685,2.25,NY,travel,0,0,1,1,1,0,1,7.3692158759697355,1.9781000000000004,4.6164,1
c:10915,LogLogic,acquired,1,7.4027,7.4027,15,1,8800000,3,7.4,11.874,5.0,CA,security,0,0,0,0,0,1,1,6.944482721501812,4.474,0.0,1
c:70661,StyleTrek,closed,0,0.0,0.0,2,1,1500000,1,0.3288,0.3288,6.0,NY,fashion,0,0,0,0,0,0,1,6.176091548585239,0.0,0.0,1
c:9668,Sequoia Communications,closed,0,4.8603,9.4247,3,7,74000000,0,,,2.0,CA,semiconductor,1,0,0,0,1,1,1,7.86923172559982,,4.5644,0
c:2434,SnapNames,acquired,1,1.4164,2.0,3,3,8800000,2,7.0055,11.4219,1.0,OR,network_hosting,0,0,1,1,0,0,0,6.944482721501812,4.416400000000001,0.5835999999999999,1
c:522,Simple Star,acquired,1,2.5808,4.6082,3,2,7100000,3,0.5808,10.2219,1.5,CA,web,0,1,1,0,0,0,1,6.851258409887308,9.6411,2.0274,1
c:1165,StyleFeeder,acquired,1,1.3315,2.9973,8,3,3500000,6,2.1616,5.9616,1.6667,MA,ecommerce,1,1,1,0,0,0,1,6.5440681684343955,3.8,1.6658000000000002,1
c:80433,FlashSoft,acquired,1,1.589,1.589,6,1,3000000,2,1.1863,2.5452,2.0,CA,software,0,0,1,0,0,0,1,6.477121399484465,1.3589,0.0,1
c:79456,TrustDegrees,closed,0,0.1288,0.274,5,2,11000,1,0.3068,0.3068,1.0,NY,web,0,1,0,0,0,0,0,4.041432164680265,0.0,0.14520000000000002,1
c:17282,Symwave,acquired,1,6.5452,8.6,4,3,26200000,1,5.0027,5.0027,2.5,CA,semiconductor,1,0,0,0,1,0,1,7.41830130789587,0.0,2.0547999999999993,1
c:3610,Clearwell Systems,acquired,1,1.3259999999999998,2.7096,6,2,29000000,3,4.3699,6.462999999999999,2.5,CA,software,0,0,0,1,1,0,1,7.462398012874628,2.093099999999999,1.3836000000000002,1
c:30667,Impeva,closed,0,4.8438,4.8438,2,1,10000000,0,,,2.0,CA,software,0,0,0,1,0,0,0,7.000000043429446,,0.0,0
c:59054,Nettle,closed,0,0.8521,0.8521,3,1,500000,3,0.0,2.9425,3.0,CA,web,0,1,0,0,0,0,1,5.698970872924114,2.9425,0.0,1
c:22721,CubeTree,acquired,1,0.0849,1.8384,3,3,11500000,3,1.4164,2.337,1.5,CA,enterprise,0,1,1,1,0,0,1,7.060697878118348,0.9206000000000001,1.7535,1
c:22168,Infochimps,acquired,1,1.1699,3.8932,8,5,5350000,3,2.3014,3.4301,3.0,TX,enterprise,0,1,1,0,0,0,1,6.72835386319776,1.1286999999999998,2.7233,1
c:1205,Songbird,closed,0,0.6658,3.989,27,3,11015719,4,5.0849,7.3699,2.0,CA,mobile,1,0,1,0,0,0,1,7.042012888396255,2.285,3.3232,1
c:23139,SimpleGeo,acquired,1,0.5288,1.0466,30,3,9807367,3,1.2959,3.3781,8.6667,CA,advertising,0,1,1,0,0,0,1,6.991552471554834,2.0822,0.5177999999999999,1
c:51379,1000memories,acquired,1,-0.4959,0.6301,8,2,2535000,2,0.589,3.011,5.0,CA,web,0,1,1,0,0,0,1,6.403978134988643,2.422,1.126,1
c:23107,SensorLogic,acquired,1,5.4658,8.9534,4,3,19000000,2,8.8384,8.9534,5.3333,TX,enterprise,1,0,0,1,1,0,1,7.278753623810433,0.11500000000000021,3.4876000000000005,1
c:50162,TouristEye,acquired,1,0.0,2.7644,4,3,475000,1,1.1616,1.1616,4.0,CA,travel,0,1,0,0,0,0,0,5.676694523928076,0.0,2.7644,1
c:15470,Oberon Media,acquired,1,5.7671,7.862999999999999,16,2,36000000,1,9.2575,9.2575,1.0,NY,games_video,1,0,0,1,0,0,1,7.556302512831023,0.0,2.0958999999999985,1
c:58237,Arroyo Video Solutions,acquired,1,3.1671,3.1671,4,1,12000000,0,,,5.0,CA,games_video,0,0,0,0,1,0,1,7.07918128223883,,0.0,0
c:25001,Aragon Pharmaceuticals,acquired,1,0.4,3.7589,15,4,122000000,1,3.0,3.0,2.5,CA,biotech,0,0,1,1,1,1,1,8.086359834234539,0.0,3.3589,1
c:163104,#waywire,acquired,1,0.0795,0.0795,8,1,1750000,2,0.5014,1.3781,5.0,NY,news,0,0,0,0,0,0,1,6.243038296854499,0.8767000000000001,0.0,1
c:43263,Feedtrace,acquired,1,0.5562,0.5562,3,1,130000,2,-0.0247,1.9288,1.0,NY,web,0,1,0,0,0,0,0,5.113946693020772,1.9535,0.0,1
c:37173,Five Star Technologies,closed,0,7.9178,10.9041,4,3,13222860,0,,,3.0,OH,other,1,0,0,0,0,0,1,7.121325432614282,,2.9863,0
c:12179,Vontoo,closed,0,4.1315,6.1507,10,2,2192000,3,5.5699,6.1096,3.0,IN,public_relations,1,0,0,1,0,0,0,6.340840747939331,0.5397000000000007,2.0191999999999997,1
c:42501,Allurent,acquired,1,5.1452,5.1452,4,1,2000000,1,2.0,2.0,1.0,MA,web,1,0,0,0,0,0,1,6.301030212811168,0.0,0.0,1
c:15017,Quantivo,acquired,1,3.0219,4.9589,11,2,9400000,2,6.5836,6.6822,2.0,CA,analytics,0,0,1,0,0,0,1,6.973127899801237,0.09860000000000024,1.9369999999999998,1
c:17320,Crossing Automation,acquired,1,5.3452,7.2274,2,4,13045000,0,,,2.0,CA,semiconductor,0,0,1,1,0,0,1,7.1154441167282645,,1.8822,0
c:1716,Scrapblog,acquired,1,0.1753,4.0986,8,4,10000000,3,0.7342,5.0493,1.25,CA,web,0,0,1,1,1,0,1,7.000000043429446,4.315099999999999,3.9233000000000002,1
c:6356,Yield Software,acquired,1,1.4247,1.4247,7,1,6000000,1,1.0,1.0,2.0,CA,advertising,0,0,0,1,0,0,1,6.7781513227660515,0.0,0.0,1
c:7163,FlyCast,closed,0,2.0,3.5562,3,2,2100000,1,4.5699,4.5699,2.0,PA,mobile,1,1,0,0,0,0,0,6.322219501540766,0.0,1.5562,1
c:46835,Off & Away,acquired,1,0.4192,0.8877,3,2,3250000,3,0.0849,1.863,1.0,WA,travel,1,0,1,0,0,0,1,6.511883494607925,1.7781,0.4685,1
c:18027,CypherMax,closed,0,6.5726,7.1562,1,3,148000000,0,,,3.5,CA,hardware,1,0,0,1,0,0,1,8.17026171832938,,0.5835999999999997,0
c:17634,Nexsan,acquired,1,3.9178,9.3014,10,2,24500000,1,10.7507,10.7507,2.0,CA,hardware,1,0,1,0,0,0,1,7.3891661020908375,0.0,5.3835999999999995,1
c:47341,Tipping Bucket,closed,0,-0.0192,0.8959,4,2,72000,1,1.063,1.063,1.0,UT,enterprise,0,1,0,0,0,0,0,4.857338528257185,0.0,0.9151,1
c:42610,Qlusters,closed,0,6.6027,6.6027,3,1,10360000,1,4.0027,4.0027,5.0,CA,other,0,0,0,0,1,0,1,7.015359797329529,0.0,0.0,1
c:10137,Producteev,acquired,1,0.0192,1.5699,12,3,1310000,2,2.4849,4.8712,6.0,NY,software,0,1,0,0,0,0,1,6.117271627178143,2.3863,1.5507,1
c:47662,SpinTheCam,closed,0,-0.1151,-0.1151,1,1,150000,1,0.0466,0.0466,1.0,NY,games_video,0,1,0,0,0,0,0,5.176094154342576,0.0,0.0,1
c:29387,Amalfi Semiconductor,acquired,1,3.0877,9.3178,5,3,64000000,2,0.4959,9.5315,3.3333,CA,semiconductor,1,0,0,1,1,0,1,7.8061799807697385,9.035599999999999,6.2301,1
c:58696,Dormzy,closed,0,0.0,0.0,2,1,250000,1,0.0,0.0,1.0,OH,ecommerce,0,1,0,0,0,0,0,5.397941745846491,0.0,0.0,1
c:13815,iChange,acquired,1,-0.2521,2.0877,6,3,1830000,1,1.4164,1.4164,2.0,CA,health,0,1,1,0,0,0,0,6.262451327049754,0.0,2.3398,1
c:55307,AppFog,acquired,1,0.4192,1.0247,10,2,9800000,4,0.7726,2.1699,4.5,OR,enterprise,0,0,1,1,0,0,1,6.991226120008256,1.3973000000000002,0.6054999999999999,1
c:2033,HotPads,acquired,1,1.8247,1.8247,15,1,2300000,3,3.8959,5.9068,1.0,CA,web,0,0,1,0,0,0,0,6.36172802484124,2.0108999999999995,0.0,1
c:444,Sampa,closed,0,2.4192,3.0904,3,2,1310000,4,-0.1616,3.9699,1.0,WA,web,0,1,0,0,0,0,0,6.117271627178143,4.1315,0.6711999999999998,1
c:454,DanceJam,closed,0,0.0822,0.8384,4,2,4500000,5,0.0,4.1836,5.5,CA,games_video,0,1,0,1,0,0,1,6.653212610285218,4.1836,0.7562,1
c:11531,Right90,acquired,1,2.1616,5.7315,5,3,22000000,1,5.0027,5.0027,2.6667,CA,software,0,0,1,1,1,0,1,7.342422700562864,0.0,3.5698999999999996,1
c:741,SocialMedia.com,acquired,1,0.6658,2.0795,23,3,10000000,3,3.0301,4.2877,2.6667,CA,advertising,0,1,1,1,0,0,1,7.000000043429446,1.2576,1.4137,1
c:37826,BuyWithMe,acquired,1,0.8904,2.2521,21,4,36500000,3,2.6603,2.7534,1.5,NY,ecommerce,0,0,1,1,1,0,1,7.562292876354953,0.09310000000000018,1.3617,1
c:7299,Photobucket,acquired,1,1.7507,9.9589,35,7,33672656,3,9.3425,10.4603,2.0,CO,web,1,0,1,1,0,0,1,7.527277386507221,1.1178000000000008,8.2082,1
c:35579,XtremIO,acquired,1,0.8603,2.926,4,3,19000000,1,3.0,3.0,2.0,CA,enterprise,0,0,1,1,0,0,1,7.278753623810433,0.0,2.0657,1
c:21654,Level 5 Networks,acquired,1,3.4685,3.4685,3,1,30000000,1,2.0,2.0,4.0,CA,semiconductor,0,0,0,1,0,0,1,7.477121269196145,0.0,0.0,1
c:57338,Votizen,acquired,1,1.5151,2.937,6,2,2250000,2,2.6384,3.8164,8.5,CA,web,1,0,0,0,0,0,1,6.352182711131089,1.178,1.4219,1
c:16613,Siimpel Corporation,acquired,1,5.8658,9.9644,7,6,53818873,1,8.1699,8.1699,4.25,CA,hardware,1,0,0,0,1,0,1,7.730934607201386,0.0,4.098599999999999,1
c:334,TalkPlus,closed,0,2.6658,2.6658,6,1,5500000,0,,,1.0,CA,web,0,0,1,0,0,0,1,6.74036276845687,,0.0,0
c:8527,Napera Networks,acquired,1,1.9973,1.9973,3,1,6000000,2,-0.0822,3.5205,1.0,WA,network_hosting,0,0,1,0,0,0,1,6.7781513227660515,3.6027,0.0,1
c:1389,NebuAd,closed,0,1.4959,1.6658,2,2,30150000,3,0.0,7.5233,1.5,CA,advertising,0,0,1,1,0,0,1,7.479287330880631,7.5233,0.16989999999999994,1
c:31614,Tercica,acquired,1,3.7863,5.5123,11,2,83000000,0,,,1.0,CA,biotech,1,0,0,0,0,0,0,7.919078097608537,,1.7259999999999995,0
c:15709,Robotgalaxy,closed,0,1.0,2.7096,1,2,12000000,0,,,1.0,NY,games_video,0,0,1,1,0,0,0,7.07918128223883,,1.7096,0
c:63053,PasswordBank,acquired,1,0.1644,1.4986,6,2,3500000,2,3.1644,5.5479,1.0,CA,software,0,1,1,0,0,0,0,6.5440681684343955,2.3835,1.3342,1
c:668,SnapTell,acquired,1,1.4301,1.4301,5,1,4000000,3,2.3452,3.4575,4.0,CA,software,0,0,1,0,0,0,1,6.6020600999015695,1.1122999999999998,0.0,1
c:79149,Gigi Hill,closed,0,2.4521,3.6027,9,2,4000000,0,,,1.0,CA,manufacturing,0,0,1,0,0,0,1,6.6020600999015695,,1.1505999999999998,0
c:17070,CloudShield Technologies,acquired,1,5.8274,7.7151,11,2,25000000,1,10.0082,10.0082,4.5,CA,software,1,0,0,0,0,0,1,7.397940026043816,0.0,1.8876999999999997,1
c:7329,Instinctiv,acquired,1,0.8356,3.7616,5,3,1420698,1,0.9041,0.9041,2.0,NY,mobile,1,1,0,0,0,0,1,6.152502074770526,0.0,2.926,1
c:26666,Anchor Bay Technologies,acquired,1,1.6219,5.3315,5,2,10000000,1,-3.7507,-3.7507,3.0,CA,semiconductor,1,0,1,0,0,0,1,7.000000043429446,0.0,3.7096,1
c:32475,Waze,acquired,1,1.1644,4.7973,18,3,67000000,5,2.326,6.9041,2.6667,CA,transportation,0,0,1,1,1,0,1,7.826074809182834,4.578099999999999,3.6329,1
c:5585,Aster Data Systems,acquired,1,0.337,5.2301,13,4,53000000,3,4.1726,5.7205,4.5,CA,analytics,0,1,1,1,1,0,1,7.724275877795025,1.5479000000000003,4.8931000000000004,1
c:59298,Diversion,closed,0,0.4658,1.2247,5,2,300000,2,0.0,1.2247,2.0,CA,games_video,0,1,0,1,0,0,1,5.477122702365523,1.2247,0.7588999999999999,1
c:19725,Codesion,acquired,1,5.6685,8.5014,4,3,1400000,2,6.7534,8.0932,1.0,CA,software,0,1,0,0,0,0,0,6.146128345888472,1.3397999999999994,2.8329000000000004,1
c:3770,Xoopit,acquired,1,2.9178,4.2548,4,2,6500000,3,2.0027,7.1699,7.0,CA,web,0,0,1,0,0,0,1,6.8129134234573865,5.1672,1.3370000000000002,1
c:13127,One Block Off the Grid (1BOG),acquired,1,1.2795,1.2795,8,1,5000000,3,2.7041,3.5836,1.0,CA,cleantech,0,0,1,0,0,0,1,6.698970091194907,0.8795000000000002,0.0,1
c:59187,Appature,acquired,1,2.9342,5.5342,6,2,9600000,2,3.9178,6.1973,3.0,WA,enterprise,0,0,1,0,0,0,1,6.982271278278574,2.2795,2.6,1
c:253,Action Engine,acquired,1,0.2466,7.4164,9,5,58200000,3,3.9178,10.9233,1.4,WA,mobile,0,0,1,1,1,1,1,7.764922992111993,7.0055,7.1698,1
c:1350,Blackwave,acquired,1,0.9151,3.7479,14,3,28000000,2,0.5808,4.8822,2.6667,MA,network_hosting,0,0,1,1,1,0,1,7.447158046852736,4.3014,2.8327999999999998,1
c:26240,SoftLayer,acquired,1,4.7479,5.2301,10,2,30000000,3,5.8548,7.7562,1.0,TX,network_hosting,1,0,0,0,0,0,0,7.477121269196145,1.9013999999999998,0.48220000000000063,1
c:3487,Mytopia,acquired,1,1.0,2.1644,10,2,3500000,2,4.3644,5.3342,2.0,CA,games_video,0,1,1,0,0,0,0,6.5440681684343955,0.9698000000000002,1.1644,1
c:2478,JackPot Rewards,closed,0,0.0849,0.0849,7,1,16700000,2,-1.0,0.1342,4.0,MA,web,0,0,1,0,0,0,0,7.2227164971532405,1.1342,0.0,1
c:42062,Andigilog,closed,0,11.1452,11.1452,0,1,18000000,0,,,7.0,AZ,semiconductor,0,0,0,1,0,0,1,7.255272529230776,,0.0,0
c:51890,BARRX Medical,acquired,1,7.537000000000001,7.537000000000001,6,1,15000000,1,7.0055,7.0055,6.0,CA,medical,0,0,0,0,0,1,1,7.176091288008646,0.0,0.0,1
c:17481,Power Analog Microelectronics,closed,0,3.9178,3.9178,2,2,12000000,0,,,4.0,CA,hardware,0,0,1,1,0,0,1,7.07918128223883,,0.0,0
c:148284,Classiphix,closed,0,1.2849,1.2849,1,1,15000,1,0.0,0.0,1.0,OH,ecommerce,0,1,0,0,0,0,0,4.1761202110560856,0.0,0.0,1
c:38095,StartupDigest,acquired,1,1.3096,1.3096,11,1,200000,3,1.3096,2.8822,1.0,WA,news,1,0,0,0,0,0,0,5.301032167130962,1.5726,0.0,1
c:42227,WiLinx,closed,0,4.0274,4.0274,0,1,15000000,0,,,1.0,CA,semiconductor,0,0,0,0,1,0,0,7.176091288008646,,0.0,0
c:41006,Cohuman,acquired,1,-0.0822,1.2301,4,2,1400000,2,0.3151,1.2986,3.0,CA,enterprise,0,1,0,0,0,0,0,6.146128345888472,0.9835,1.3123,1
c:27938,Correlix,closed,0,-0.8658,6.1233,5,4,11400000,1,5.0027,5.0027,3.0,NY,enterprise,1,0,0,1,0,0,1,7.056904889432478,0.0,6.9891000000000005,1
c:28482,Redwood Systems,acquired,1,0.7562,4.4137,14,4,34250000,2,2.7836,4.0027,2.25,CA,cleantech,1,0,1,1,1,0,1,7.534660588508575,1.2191,3.6575000000000006,1
c:5801,OtherInbox,acquired,1,0.0,2.7205,4,4,3800000,4,1.0027,5.9479,4.75,TX,messaging,0,1,1,0,0,0,1,6.579783710904817,4.9452,2.7205,1
c:17738,M-Factor,acquired,1,4.4521,6.1151,3,2,10100000,1,6.5863,6.5863,3.0,CA,software,1,0,0,0,1,0,1,7.004321416782094,0.0,1.6630000000000003,1
c:45112,Athena Design Systems,closed,0,4.0795,4.0795,0,1,4000000,0,,,6.0,CA,software,0,0,0,1,0,0,1,6.6020600999015695,,0.0,0
c:22726,Servo Software,acquired,1,1.9562,1.9562,11,1,3011408,3,1.9562,2.0027,1.0,CA,software,0,0,0,1,0,0,1,6.4787697440149925,0.046499999999999986,0.0,1
c:43458,Levanta,closed,0,9.7315,9.7315,2,1,8000000,1,6.0027,6.0027,3.0,CA,software,1,0,0,0,0,0,1,6.903090041278751,0.0,0.0,1
c:195233,EdgeSpring,acquired,1,0.0,2.8795,15,2,12700000,1,2.3397,2.3397,1.5,CA,analytics,0,0,1,0,0,0,1,7.103803755152372,0.0,2.8795,1
c:6219,DotSpots,closed,0,0.0,0.0,5,1,300000,4,0.3342,3.2219,2.0,CA,public_relations,0,1,0,0,0,0,0,5.477122702365523,2.8877,0.0,1
c:38337,about.me,acquired,1,0.0,0.0,21,1,5675000,2,-1.8027,-0.0959,4.0,CA,web,1,0,0,0,0,0,1,6.753965942392815,1.7067999999999999,0.0,1
c:20672,Republic Project,acquired,1,4.0877,4.0877,13,1,1000000,2,4.6685,5.1863,5.0,CA,advertising,0,1,0,0,0,0,1,6.0000004342942646,0.5178000000000003,0.0,1
c:14483,Hit Systems,closed,0,0.0,0.0,2,1,125000,0,,,1.0,FL,enterprise,0,1,0,0,0,0,0,5.096913487350014,,0.0,0
c:44616,Yamisee,closed,0,0.2247,0.9534,2,2,700000,2,0.5808,1.0685,2.5,CT,web,0,1,0,0,0,0,0,5.845098660434502,0.4877,0.7287,1
c:60580,Thinkfuse,acquired,1,0.2521,0.6438,6,2,532000,2,1.2685,1.7479,5.0,WA,enterprise,0,1,0,0,0,0,1,5.725912448637292,0.47940000000000005,0.39170000000000005,1
c:1111,EchoSign,acquired,1,0.2137,2.2137,8,2,8500000,3,4.6301,5.5534,1.0,CA,web,0,0,1,1,0,0,1,6.929418976807758,0.9233000000000002,1.9999999999999998,1
c:2955,PI Corporation,acquired,1,3.5699,3.5699,2,1,9400000,3,5.8795,9.3808,1.0,WA,network_hosting,0,0,0,1,0,0,1,6.973127899801237,3.5013000000000005,0.0,1
c:148566,"MoveableCode, Inc.",closed,0,-1.0,2.2493,3,2,350000,1,1.7479,1.7479,1.0,RI,mobile,0,1,0,0,0,0,1,5.54406928518988,0.0,3.2493,1
c:703,Daylife,acquired,1,1.1671,3.2110000000000003,16,2,12300000,3,0.7534,2.8110000000000004,1.5,NY,enterprise,0,0,0,1,1,0,1,7.089905146747891,2.0576000000000003,2.0439000000000003,1
c:38721,Desktone,acquired,1,1.5753,5.9589,6,5,25413298,1,4.4164,4.4164,3.0,MA,network_hosting,1,0,1,1,0,0,1,7.405061046179734,0.0,4.3835999999999995,1
c:79431,Pulse,acquired,1,0.4329,1.126,23,2,9800000,2,2.6904,3.5397,4.5,CA,news,0,1,1,0,0,0,1,6.991226120008256,0.8492999999999999,0.6930999999999998,1
c:50449,Opzi,closed,0,-0.3288,0.337,5,2,1015000,2,0.4082,0.8712,5.0,CA,games_video,0,1,0,0,0,0,1,6.006466470125358,0.46299999999999997,0.6658,1
c:61783,Standing Cloud,acquired,1,0.0,3.4712,4,5,10000003,2,0.0,1.9123,1.5,CO,enterprise,1,0,1,1,0,0,1,7.000000173717758,1.9123,3.4712,1
c:10199,Where I've Been,acquired,1,0.7699,2.8548,3,2,1750000,2,-0.4329,2.8521,1.0,IL,travel,1,1,0,0,0,0,1,6.243038296854499,3.285,2.0849,1
c:37304,HipChat,acquired,1,0.9397,0.9397,4,1,100000,2,1.4959,3.8164,3.0,CA,messaging,0,1,0,0,0,0,1,5.000004342923105,2.3205,0.0,1
c:179507,ScaleIO,acquired,1,1.926,1.926,1,1,12000000,2,1.6685,2.4658,2.0,CA,software,1,0,0,0,0,0,1,7.07918128223883,0.7973000000000001,0.0,1
c:55122,GroupMe,acquired,1,0.3178,0.6795,16,2,11450000,3,0.7945,2.8521,8.5,NY,messaging,0,1,0,1,0,0,1,7.058805524605554,2.0576,0.36169999999999997,1
c:11498,WeAre.Us,closed,0,0.6685,0.6685,7,1,50000,2,-0.9151,0.863,3.0,CA,advertising,0,1,0,0,0,0,0,4.698978690138799,1.7781,0.0,1
c:16134,Kickfire,closed,0,2.5808,2.5808,4,1,20000000,2,3.0027,4.6082,4.0,CA,software,0,0,0,1,0,0,1,7.301030017378705,1.6055000000000001,0.0,1
c:35511,"LifeSize, a Division of Logitech",acquired,1,2.9671,3.7151,16,2,42500000,3,6.9671,8.3342,5.5,TX,public_relations,0,0,0,0,1,1,1,7.628388940269005,1.3670999999999989,0.7480000000000002,1
c:30152,CHiL Semiconductor,acquired,1,0.0,2.3479,7,3,22487000,2,0.0,5.1616,2.3333,CA,semiconductor,1,0,0,1,1,0,1,7.351931539206261,5.1616,2.3479,1
c:27339,Aptana,acquired,1,2.5342,2.5342,3,1,7800000,2,-1.2521,4.0493,2.0,CA,software,1,0,0,0,0,0,1,6.892094658369256,5.301399999999999,0.0,1
c:25510,Enpirion,acquired,1,3.9726,10.2493,8,4,59000000,1,3.0,3.0,6.0,NJ,semiconductor,0,0,0,1,1,0,1,7.770852019003067,0.0,6.2767,1
c:33519,RFinity,closed,0,2.337,2.337,5,1,4000000,4,0.5808,2.3726,1.0,ID,mobile,0,0,1,0,0,0,1,6.6020600999015695,1.7917999999999998,0.0,1
c:42223,ecoATM,acquired,1,1.5452,4.5178,6,4,71400000,3,1.663,4.9178,2.6667,CA,cleantech,1,0,1,0,0,0,1,7.85369821785873,3.2547999999999995,2.9726000000000004,1
c:42497,Adura Technologies,acquired,1,0.7918,4.3205,5,3,25500000,1,3.9753,3.9753,2.6667,CA,cleantech,0,0,1,1,0,0,1,7.406540197465111,0.0,3.5287,1
c:15123,Rhythm NewMedia,acquired,1,5.8603,7.6986,28,4,28932322,3,5.8603,7.6712,2.6667,CA,advertising,1,0,0,0,1,0,1,7.461383304908924,1.8109000000000002,1.8383000000000003,1
c:23588,Topsy Labs,acquired,1,0.9616,5.7151,18,6,35200000,3,6.0438,6.8849,2.3333,CA,analytics,1,0,1,1,1,0,1,7.546542675816042,0.8411,4.7535,1
c:38273,Digit Wireless,closed,0,5.2027,8.1178,2,2,10000000,1,8.0055,8.0055,2.5,MA,public_relations,1,0,0,0,1,0,1,7.000000043429446,0.0,2.9151000000000007,1
c:15018,Silver Tail Systems,acquired,1,0.7178,3.7068,11,3,22100000,4,0.537,3.6274,2.6667,CA,analytics,1,0,1,1,0,0,1,7.344392293336444,3.0904000000000003,2.989,1
c:37335,Tatara Systems,acquired,1,3.0521,9.4767,4,5,33000000,1,1.0,1.0,2.0,MA,mobile,1,0,0,1,1,1,1,7.518513953038326,0.0,6.4246,1
c:31559,Reliant Technologies,acquired,1,6.2986,6.2986,9,1,15000000,1,6.0027,6.0027,3.0,CA,biotech,0,0,0,0,0,0,1,7.176091288008646,0.0,0.0,1
c:9665,Atrua Technologies,acquired,1,6.937,9.1589,6,3,13000000,1,6.0055,6.0055,3.0,CA,mobile,0,0,0,0,0,1,1,7.113943385714103,0.0,2.221899999999999,1
c:18163,Casabi,acquired,1,1.9671,3.1945,5,2,12800000,1,2.2493,2.2493,2.5,CA,mobile,0,0,1,1,0,0,1,7.107210003577124,0.0,1.2274,1
c:14345,Peek & Co,closed,0,0.1671,3.7808,6,2,626096,3,3.8356,6.1178,1.0,NY,mobile,1,0,1,0,0,0,1,5.796641622829092,2.2822,3.6137,1
c:33416,Bluefin Labs,acquired,1,-0.1671,3.6493,12,4,20350000,3,4.1507,4.6849,3.75,MA,analytics,0,1,1,1,0,0,1,7.3085644349024905,0.5342000000000002,3.8164000000000002,1
c:40147,C2 Microsystems,closed,0,5.7836,5.7836,1,1,10000000,1,2.0027,2.0027,3.0,CA,hardware,1,0,0,0,0,0,1,7.000000043429446,0.0,0.0,1
c:62269,GoPollGo,acquired,1,0.5671,0.5671,5,1,425000,3,0.5671,2.3534,2.0,CA,web,0,1,0,0,0,0,1,5.628389951918479,1.7863000000000002,0.0,1
c:16273,Multigig,acquired,1,5.3644,7.9781,5,3,37891054,1,5.2521,5.2521,3.0,CA,semiconductor,1,0,0,1,1,0,1,7.57853669749721,0.0,2.6137000000000006,1
c:38196,Ortiva Wireless,acquired,1,1.0877,7.7616,9,5,40000000,1,6.8849,6.8849,4.0,CA,mobile,1,0,1,1,1,0,1,7.602060002185325,0.0,6.6739,1
c:5411,Sometrics,acquired,1,0.7014,2.126,10,3,5550000,4,2.4027,4.0548,3.0,CA,games_video,0,0,1,1,0,0,1,6.744293061373927,1.6521000000000003,1.4245999999999999,1
c:54465,Kima Labs,acquired,1,0.5808,0.5808,3,1,770000,3,0.0,2.1315,6.0,CA,mobile,0,1,0,0,0,0,1,5.886491289190923,2.1315,0.0,1
c:34267,Chronicity,closed,0,0.1068,4.7342,0,4,19550000,0,,,1.0,TX,consulting,1,0,1,0,0,0,1,7.291146783946436,,4.627400000000001,0
c:1042,Whiskey Media,acquired,1,1.4795,2.2521,6,2,4000000,1,2.2521,2.2521,1.0,CA,web,1,0,0,0,0,0,0,6.6020600999015695,0.0,0.7726,1
c:1756,Jobfox,acquired,1,1.0849,5.8192,14,4,42000000,4,6.3507,9.4411,2.3333,VA,web,0,0,1,1,1,0,1,7.623249300738245,3.0904000000000007,4.7343,1
c:31452,Natural Cleaners Colorado,closed,0,3.6548,3.6548,0,1,1900000,0,,,1.0,CO,other,0,0,1,0,0,0,1,6.278753829528812,,0.0,0
c:39101,Gaikai,acquired,1,1.1781,2.7151,21,3,45039999,3,2.5178,3.6685,3.6667,CA,games_video,0,0,1,1,1,0,1,7.65359838184329,1.1507,1.5370000000000001,1
c:60186,Blue Buzz Network,closed,0,4.5315,4.5315,1,1,1310000,1,5.5288,5.5288,4.0,CA,news,1,0,0,0,0,0,1,6.117271627178143,0.0,0.0,1
c:74341,Max-Viz,acquired,1,7.0027,7.0027,3,1,3000000,1,7.6712,7.6712,3.0,OR,hardware,0,0,1,0,0,0,0,6.477121399484465,0.0,0.0,1
c:3950,Cotendo,acquired,1,0.0,3.4548,9,4,36000000,3,2.0247,3.9753,3.0,CA,software,0,0,1,1,1,1,1,7.556302512831023,1.9505999999999997,3.4548,1
c:60457,Particle Code,acquired,1,0.1644,0.1644,3,1,3000000,1,1.4822,1.4822,1.0,CA,software,1,0,0,0,0,0,0,6.477121399484465,0.0,0.0,1
c:7748,Flowgram,closed,0,0.6685,0.6685,1,1,1300000,3,0.7973,5.2849,8.0,CA,web,0,1,0,0,0,0,1,6.113943686379387,4.4876000000000005,0.0,1
c:35903,JavaJobs,closed,0,9.7534,9.7534,1,1,50000,1,9.7534,9.7534,1.0,AR,software,1,0,0,0,0,0,0,4.698978690138799,0.0,0.0,1
c:714,Behance,acquired,1,6.2849,6.2849,15,1,6500000,3,5.7507,7.3068,8.0,NY,web,0,0,1,0,0,0,1,6.8129134234573865,1.5560999999999998,0.0,1
c:90087,Locu,acquired,1,0.6822,1.3096,5,2,4600000,2,0.3288,2.5945,9.0,MA,advertising,0,1,1,0,0,0,1,6.662757926093407,2.2657,0.6274000000000001,1
c:9373,dynaTrace software,acquired,1,2.1233,6.0192,5,3,21900000,2,2.0,6.5123,1.6667,MA,software,1,0,1,1,0,0,1,7.340444134670916,4.5123,3.8958999999999997,1
c:16343,Socialbomb,acquired,1,0.4904,0.4904,6,1,240000,1,1.1808,1.1808,2.0,NY,games_video,0,1,0,0,0,0,1,5.380213051268178,0.0,0.0,1
c:13734,Imagine Communications,acquired,1,0.0,5.3014,17,4,34700000,1,5.0027,5.0027,2.25,CA,software,1,0,1,1,0,0,1,7.540329487306565,0.0,5.3014,1
c:4060,Univa UD,acquired,1,1.2274,5.8712,4,4,33000000,2,3.6466,6.6959,5.3333,IL,software,1,0,1,1,1,0,1,7.518513953038326,3.0493,4.6438,1
c:58420,Tutorspree,closed,0,1.3014,2.4685,3,2,1800000,2,0.0,2.4685,5.0,NY,education,1,1,0,0,0,0,1,6.255272746377951,2.4685,1.1671000000000002,1
c:815,OneRiot,acquired,1,0.0,3.6548,14,3,27300000,4,3.1507,5.3123,3.0,CO,advertising,0,0,1,1,1,0,1,7.436162662948979,2.1615999999999995,3.6548,1
c:42112,Moonshoot,closed,0,3.1342,5.2521,6,2,6760000,2,3.1342,3.5425,1.5,CA,web,1,0,0,0,0,0,1,6.829946760186377,0.4083000000000001,2.1179000000000006,1
c:16178,ArcSight,acquired,1,0.0,6.4986,24,3,26914000,3,0.337,10.0082,6.0,CA,software,0,0,1,1,1,0,1,7.42997826420969,9.6712,6.4986,1
c:27021,AGEIA Technologies,acquired,1,3.7562,3.7562,1,1,27500000,0,,,7.0,CA,semiconductor,0,0,0,0,1,0,1,7.439332709622789,,0.0,0
c:43133,U.S. Fiduciary,closed,0,4.2795,4.2795,4,1,9000000,0,,,2.0,TX,other,0,0,0,0,0,1,1,6.954242557694265,,0.0,0
c:25756,Broadway Networks,closed,0,4.0356,4.0356,3,1,954000,1,-7.0055,-7.0055,1.0,CA,public_relations,1,0,0,0,0,0,0,5.979548829939162,0.0,0.0,1
c:17884,Xelerated,acquired,1,5.3041,8.6247,4,3,53000000,0,,,4.6667,CA,semiconductor,0,0,0,0,1,1,1,7.724275877795025,,3.3206000000000007,0
c:208,Oodle,acquired,1,2.3315,6.6767,17,4,23100000,3,6.9589,8.9342,2.0,CA,social,1,0,1,1,1,0,1,7.363611998692771,1.9753000000000007,4.3452,1
c:1078,The Climate Corporation,acquired,1,1.0,6.4548,28,4,108900000,2,6.5342,7.0055,7.5,CA,cleantech,0,0,1,1,1,0,1,8.037027883743786,0.4712999999999994,5.4548,1
c:1600,Kosmix,acquired,1,0.8329,3.937,26,4,55000000,5,3.4822,7.6658,2.75,CA,web,0,0,1,1,1,1,1,7.740362697390507,4.1836,3.1041,1
c:12071,Xtify Inc.,acquired,1,1.0822,2.8548,9,2,5686383,3,1.611,4.5096,2.0,NY,mobile,0,0,1,0,0,0,0,6.754836184135638,2.8986,1.7726,1
c:24681,Limerick BioPharma,closed,0,4.4466,8.0849,4,6,49008830,1,6.5863,6.5863,3.0,CA,biotech,1,0,1,0,1,0,1,7.690274343477652,0.0,3.638299999999999,1
c:96,iSkoot,acquired,1,1.6055,3.5479,10,3,32200000,0,,,4.0,CA,mobile,0,0,1,1,1,0,1,7.507855885183237,,1.9424,0
c:15509,Rudder,closed,0,1.2904,1.2904,3,1,2000000,1,7.1233,7.1233,1.0,TX,web,0,0,1,0,0,0,0,6.301030212811168,0.0,0.0,1
c:52378,Panvidea,acquired,1,3.2137,3.2137,5,1,2700000,2,3.0027,4.6219,2.0,NY,games_video,0,0,1,0,0,0,1,6.431363925008766,1.6192000000000002,0.0,1
c:167,Sway,closed,0,5.1315,5.1315,6,1,2000000,2,3.1616,8.5123,2.0,WI,advertising,0,0,1,0,0,0,0,6.301030212811168,5.3507,0.0,1
c:17758,TRAFFIQ,acquired,1,0.0,3.9288,16,3,18000000,3,2.9151,5.7342,2.3333,NY,advertising,1,0,1,1,0,0,1,7.255272529230776,2.8191000000000006,3.9288,1
c:8339,Dexterra,acquired,1,5.6301,8.7589,9,5,122500000,2,8.5041,8.7589,5.6,WA,mobile,1,0,0,0,1,1,1,8.088136092245813,0.25480000000000125,3.128800000000001,1
c:21343,CoTweet,acquired,1,0.5178,0.5178,9,1,1100000,2,0.5808,4.526,6.0,CA,advertising,0,0,1,0,0,0,1,6.041393079971211,3.9452,0.0,1
c:41747,Reef Point Systems,closed,0,7.2521,9.2274,1,3,52000000,1,6.0027,6.0027,2.6667,MA,security,1,0,0,1,0,0,1,7.7160033519866165,0.0,1.975299999999999,1
c:31549,Paracor Medical,closed,0,8.4959,8.4959,5,1,44000000,1,9.0055,9.0055,8.0,CA,biotech,0,0,0,0,0,1,1,7.643452686356516,0.0,0.0,1
c:33198,Causata,acquired,1,0.7589,2.8329,12,2,15500000,2,0.7589,3.8356,1.0,CA,software,0,0,1,1,0,0,1,7.19033172618929,3.0766999999999998,2.074,1
c:26702,Asempra Technologies,acquired,1,3.1205,3.1205,4,1,20000000,1,4.0027,4.0027,3.0,CA,security,0,0,0,1,0,0,1,7.301030017378705,0.0,0.0,1
